Analysis & Synthesis report for ProyectoFinal
Mon Dec 01 02:37:43 2025
Quartus Prime Version 20.1.0 Build 711 06/05/2020 SJ Lite Edition


---------------------
; Table of Contents ;
---------------------
  1. Legal Notice
  2. Analysis & Synthesis Summary
  3. Analysis & Synthesis Settings
  4. Parallel Compilation
  5. Analysis & Synthesis Source Files Read
  6. Analysis & Synthesis Resource Usage Summary
  7. Analysis & Synthesis Resource Utilization by Entity
  8. Analysis & Synthesis RAM Summary
  9. Analysis & Synthesis DSP Block Usage Summary
 10. State Machine - |top|ram2vga_bridge:u_bridge|state
 11. State Machine - |top|ps2:kb_inst|state_reg
 12. Registers Removed During Synthesis
 13. General Register Statistics
 14. Registers Added for RAM Pass-Through Logic
 15. Multiplexer Restructuring Statistics (Restructuring Performed)
 16. Source assignments for ram:dmem|altsyncram:mem_rtl_0|altsyncram_ovm1:auto_generated
 17. Parameter Settings for User Entity Instance: arm:arm_inst|controller:c|condlogic:cl|flopenr:flagreg1
 18. Parameter Settings for User Entity Instance: arm:arm_inst|controller:c|condlogic:cl|flopenr:flagreg0
 19. Parameter Settings for User Entity Instance: arm:arm_inst|datapath:dp|mux2:pcmux
 20. Parameter Settings for User Entity Instance: arm:arm_inst|datapath:dp|flopr:pcreg
 21. Parameter Settings for User Entity Instance: arm:arm_inst|datapath:dp|adder:pcadd1
 22. Parameter Settings for User Entity Instance: arm:arm_inst|datapath:dp|adder:pcadd2
 23. Parameter Settings for User Entity Instance: arm:arm_inst|datapath:dp|mux2:ra1mux_dp
 24. Parameter Settings for User Entity Instance: arm:arm_inst|datapath:dp|mux2:ra2mux_dp
 25. Parameter Settings for User Entity Instance: arm:arm_inst|datapath:dp|mux2:resmux
 26. Parameter Settings for User Entity Instance: arm:arm_inst|datapath:dp|mux2:srcbmux
 27. Parameter Settings for Inferred Entity Instance: ram:dmem|altsyncram:mem_rtl_0
 28. Parameter Settings for Inferred Entity Instance: videoGen_pong:u_video|lpm_divide:Div0
 29. Parameter Settings for Inferred Entity Instance: videoGen_pong:u_video|lpm_divide:Div2
 30. Parameter Settings for Inferred Entity Instance: videoGen_pong:u_video|lpm_divide:Div1
 31. Parameter Settings for Inferred Entity Instance: videoGen_pong:u_video|lpm_divide:Mod0
 32. Parameter Settings for Inferred Entity Instance: lpm_divide:Mod0
 33. Parameter Settings for Inferred Entity Instance: lpm_divide:Div0
 34. Parameter Settings for Inferred Entity Instance: lpm_divide:Mod1
 35. Parameter Settings for Inferred Entity Instance: lpm_divide:Div1
 36. altsyncram Parameter Settings by Entity Instance
 37. Port Connectivity Checks: "ram:dmem"
 38. Port Connectivity Checks: "arm:arm_inst|datapath:dp|mux2:ra1mux_dp"
 39. Port Connectivity Checks: "arm:arm_inst|datapath:dp|adder:pcadd2"
 40. Port Connectivity Checks: "arm:arm_inst|datapath:dp|adder:pcadd1"
 41. Port Connectivity Checks: "arm:arm_inst"
 42. Post-Synthesis Netlist Statistics for Top Partition
 43. Elapsed Time Per Partition
 44. Analysis & Synthesis Messages



----------------
; Legal Notice ;
----------------
Copyright (C) 2020  Intel Corporation. All rights reserved.
Your use of Intel Corporation's design tools, logic functions 
and other software and tools, and any partner logic 
functions, and any output files from any of the foregoing 
(including device programming or simulation files), and any 
associated documentation or information are expressly subject 
to the terms and conditions of the Intel Program License 
Subscription Agreement, the Intel Quartus Prime License Agreement,
the Intel FPGA IP License Agreement, or other applicable license
agreement, including, without limitation, that your use is for
the sole purpose of programming logic devices manufactured by
Intel and sold by Intel or its authorized distributors.  Please
refer to the applicable agreement for further details, at
https://fpgasoftware.intel.com/eula.



+-------------------------------------------------------------------------------+
; Analysis & Synthesis Summary                                                  ;
+---------------------------------+---------------------------------------------+
; Analysis & Synthesis Status     ; Successful - Mon Dec 01 02:37:43 2025       ;
; Quartus Prime Version           ; 20.1.0 Build 711 06/05/2020 SJ Lite Edition ;
; Revision Name                   ; ProyectoFinal                               ;
; Top-level Entity Name           ; top                                         ;
; Family                          ; Cyclone V                                   ;
; Logic utilization (in ALMs)     ; N/A                                         ;
; Total registers                 ; 945                                         ;
; Total pins                      ; 61                                          ;
; Total virtual pins              ; 0                                           ;
; Total block memory bits         ; 80                                          ;
; Total DSP Blocks                ; 2                                           ;
; Total HSSI RX PCSs              ; 0                                           ;
; Total HSSI PMA RX Deserializers ; 0                                           ;
; Total HSSI TX PCSs              ; 0                                           ;
; Total HSSI PMA TX Serializers   ; 0                                           ;
; Total PLLs                      ; 0                                           ;
; Total DLLs                      ; 0                                           ;
+---------------------------------+---------------------------------------------+


+---------------------------------------------------------------------------------------------------------------------------+
; Analysis & Synthesis Settings                                                                                             ;
+---------------------------------------------------------------------------------+--------------------+--------------------+
; Option                                                                          ; Setting            ; Default Value      ;
+---------------------------------------------------------------------------------+--------------------+--------------------+
; Device                                                                          ; 5CSXFC6D6F31C6     ;                    ;
; Top-level entity name                                                           ; top                ; ProyectoFinal      ;
; Family name                                                                     ; Cyclone V          ; Cyclone V          ;
; Use smart compilation                                                           ; Off                ; Off                ;
; Enable parallel Assembler and Timing Analyzer during compilation                ; On                 ; On                 ;
; Enable compact report table                                                     ; Off                ; Off                ;
; Restructure Multiplexers                                                        ; Auto               ; Auto               ;
; MLAB Add Timing Constraints For Mixed-Port Feed-Through Mode Setting Don't Care ; Off                ; Off                ;
; Create Debugging Nodes for IP Cores                                             ; Off                ; Off                ;
; Preserve fewer node names                                                       ; On                 ; On                 ;
; Intel FPGA IP Evaluation Mode                                                   ; Enable             ; Enable             ;
; Verilog Version                                                                 ; Verilog_2001       ; Verilog_2001       ;
; VHDL Version                                                                    ; VHDL_1993          ; VHDL_1993          ;
; State Machine Processing                                                        ; Auto               ; Auto               ;
; Safe State Machine                                                              ; Off                ; Off                ;
; Extract Verilog State Machines                                                  ; On                 ; On                 ;
; Extract VHDL State Machines                                                     ; On                 ; On                 ;
; Ignore Verilog initial constructs                                               ; Off                ; Off                ;
; Iteration limit for constant Verilog loops                                      ; 5000               ; 5000               ;
; Iteration limit for non-constant Verilog loops                                  ; 250                ; 250                ;
; Add Pass-Through Logic to Inferred RAMs                                         ; On                 ; On                 ;
; Infer RAMs from Raw Logic                                                       ; On                 ; On                 ;
; Parallel Synthesis                                                              ; On                 ; On                 ;
; DSP Block Balancing                                                             ; Auto               ; Auto               ;
; NOT Gate Push-Back                                                              ; On                 ; On                 ;
; Power-Up Don't Care                                                             ; On                 ; On                 ;
; Remove Redundant Logic Cells                                                    ; Off                ; Off                ;
; Remove Duplicate Registers                                                      ; On                 ; On                 ;
; Ignore CARRY Buffers                                                            ; Off                ; Off                ;
; Ignore CASCADE Buffers                                                          ; Off                ; Off                ;
; Ignore GLOBAL Buffers                                                           ; Off                ; Off                ;
; Ignore ROW GLOBAL Buffers                                                       ; Off                ; Off                ;
; Ignore LCELL Buffers                                                            ; Off                ; Off                ;
; Ignore SOFT Buffers                                                             ; On                 ; On                 ;
; Limit AHDL Integers to 32 Bits                                                  ; Off                ; Off                ;
; Optimization Technique                                                          ; Balanced           ; Balanced           ;
; Carry Chain Length                                                              ; 70                 ; 70                 ;
; Auto Carry Chains                                                               ; On                 ; On                 ;
; Auto Open-Drain Pins                                                            ; On                 ; On                 ;
; Perform WYSIWYG Primitive Resynthesis                                           ; Off                ; Off                ;
; Auto ROM Replacement                                                            ; On                 ; On                 ;
; Auto RAM Replacement                                                            ; On                 ; On                 ;
; Auto DSP Block Replacement                                                      ; On                 ; On                 ;
; Auto Shift Register Replacement                                                 ; Auto               ; Auto               ;
; Allow Shift Register Merging across Hierarchies                                 ; Auto               ; Auto               ;
; Auto Clock Enable Replacement                                                   ; On                 ; On                 ;
; Strict RAM Replacement                                                          ; Off                ; Off                ;
; Allow Synchronous Control Signals                                               ; On                 ; On                 ;
; Force Use of Synchronous Clear Signals                                          ; Off                ; Off                ;
; Auto Resource Sharing                                                           ; Off                ; Off                ;
; Allow Any RAM Size For Recognition                                              ; Off                ; Off                ;
; Allow Any ROM Size For Recognition                                              ; Off                ; Off                ;
; Allow Any Shift Register Size For Recognition                                   ; Off                ; Off                ;
; Use LogicLock Constraints during Resource Balancing                             ; On                 ; On                 ;
; Ignore translate_off and synthesis_off directives                               ; Off                ; Off                ;
; Timing-Driven Synthesis                                                         ; On                 ; On                 ;
; Report Parameter Settings                                                       ; On                 ; On                 ;
; Report Source Assignments                                                       ; On                 ; On                 ;
; Report Connectivity Checks                                                      ; On                 ; On                 ;
; Ignore Maximum Fan-Out Assignments                                              ; Off                ; Off                ;
; Synchronization Register Chain Length                                           ; 3                  ; 3                  ;
; Power Optimization During Synthesis                                             ; Normal compilation ; Normal compilation ;
; HDL message level                                                               ; Level2             ; Level2             ;
; Suppress Register Optimization Related Messages                                 ; Off                ; Off                ;
; Number of Removed Registers Reported in Synthesis Report                        ; 5000               ; 5000               ;
; Number of Swept Nodes Reported in Synthesis Report                              ; 5000               ; 5000               ;
; Number of Inverted Registers Reported in Synthesis Report                       ; 100                ; 100                ;
; Clock MUX Protection                                                            ; On                 ; On                 ;
; Auto Gated Clock Conversion                                                     ; Off                ; Off                ;
; Block Design Naming                                                             ; Auto               ; Auto               ;
; SDC constraint protection                                                       ; Off                ; Off                ;
; Synthesis Effort                                                                ; Auto               ; Auto               ;
; Shift Register Replacement - Allow Asynchronous Clear Signal                    ; On                 ; On                 ;
; Pre-Mapping Resynthesis Optimization                                            ; Off                ; Off                ;
; Analysis & Synthesis Message Level                                              ; Medium             ; Medium             ;
; Disable Register Merging Across Hierarchies                                     ; Auto               ; Auto               ;
; Resource Aware Inference For Block RAM                                          ; On                 ; On                 ;
; Automatic Parallel Synthesis                                                    ; On                 ; On                 ;
; Partial Reconfiguration Bitstream ID                                            ; Off                ; Off                ;
+---------------------------------------------------------------------------------+--------------------+--------------------+


+------------------------------------------+
; Parallel Compilation                     ;
+----------------------------+-------------+
; Processors                 ; Number      ;
+----------------------------+-------------+
; Number detected on machine ; 8           ;
; Maximum allowed            ; 8           ;
;                            ;             ;
; Average used               ; 1.00        ;
; Maximum used               ; 8           ;
;                            ;             ;
; Usage by Processor         ; % Time Used ;
;     Processor 1            ; 100.0%      ;
;     Processor 2            ;   0.0%      ;
;     Processor 3            ;   0.0%      ;
;     Processor 4            ;   0.0%      ;
;     Processor 5            ;   0.0%      ;
;     Processor 6            ;   0.0%      ;
;     Processor 7            ;   0.0%      ;
;     Processor 8            ;   0.0%      ;
+----------------------------+-------------+


+-------------------------------------------------------------------------------------------------------------------------------------------------------------------------------------------------------------------------+
; Analysis & Synthesis Source Files Read                                                                                                                                                                                  ;
+----------------------------------+-----------------+---------------------------------------+------------------------------------------------------------------------------------------------------------------+---------+
; File Name with User-Entered Path ; Used in Netlist ; File Type                             ; File Name with Absolute Path                                                                                     ; Library ;
+----------------------------------+-----------------+---------------------------------------+------------------------------------------------------------------------------------------------------------------+---------+
; alu.sv                           ; yes             ; User SystemVerilog HDL File           ; C:/Users/melis/Documents/github/avasquez_dgarro_digital_design_lab_2025/ProyectoFinal/alu.sv                     ;         ;
; arm.sv                           ; yes             ; User SystemVerilog HDL File           ; C:/Users/melis/Documents/github/avasquez_dgarro_digital_design_lab_2025/ProyectoFinal/arm.sv                     ;         ;
; condcheck.sv                     ; yes             ; User SystemVerilog HDL File           ; C:/Users/melis/Documents/github/avasquez_dgarro_digital_design_lab_2025/ProyectoFinal/condcheck.sv               ;         ;
; condlogic.sv                     ; yes             ; User SystemVerilog HDL File           ; C:/Users/melis/Documents/github/avasquez_dgarro_digital_design_lab_2025/ProyectoFinal/condlogic.sv               ;         ;
; controller.sv                    ; yes             ; User SystemVerilog HDL File           ; C:/Users/melis/Documents/github/avasquez_dgarro_digital_design_lab_2025/ProyectoFinal/controller.sv              ;         ;
; datapath.sv                      ; yes             ; User SystemVerilog HDL File           ; C:/Users/melis/Documents/github/avasquez_dgarro_digital_design_lab_2025/ProyectoFinal/datapath.sv                ;         ;
; decoder.sv                       ; yes             ; User SystemVerilog HDL File           ; C:/Users/melis/Documents/github/avasquez_dgarro_digital_design_lab_2025/ProyectoFinal/decoder.sv                 ;         ;
; extend.sv                        ; yes             ; User SystemVerilog HDL File           ; C:/Users/melis/Documents/github/avasquez_dgarro_digital_design_lab_2025/ProyectoFinal/extend.sv                  ;         ;
; flopenr.sv                       ; yes             ; User SystemVerilog HDL File           ; C:/Users/melis/Documents/github/avasquez_dgarro_digital_design_lab_2025/ProyectoFinal/flopenr.sv                 ;         ;
; flopr.sv                         ; yes             ; User SystemVerilog HDL File           ; C:/Users/melis/Documents/github/avasquez_dgarro_digital_design_lab_2025/ProyectoFinal/flopr.sv                   ;         ;
; mux2.sv                          ; yes             ; User SystemVerilog HDL File           ; C:/Users/melis/Documents/github/avasquez_dgarro_digital_design_lab_2025/ProyectoFinal/mux2.sv                    ;         ;
; regfile.sv                       ; yes             ; User SystemVerilog HDL File           ; C:/Users/melis/Documents/github/avasquez_dgarro_digital_design_lab_2025/ProyectoFinal/regfile.sv                 ;         ;
; top.sv                           ; yes             ; User SystemVerilog HDL File           ; C:/Users/melis/Documents/github/avasquez_dgarro_digital_design_lab_2025/ProyectoFinal/top.sv                     ;         ;
; adder.sv                         ; yes             ; User SystemVerilog HDL File           ; C:/Users/melis/Documents/github/avasquez_dgarro_digital_design_lab_2025/ProyectoFinal/adder.sv                   ;         ;
; program.hex                      ; yes             ; User Hexadecimal (Intel-Format) File  ; C:/Users/melis/Documents/github/avasquez_dgarro_digital_design_lab_2025/ProyectoFinal/program.hex                ;         ;
; rom_i.sv                         ; yes             ; User SystemVerilog HDL File           ; C:/Users/melis/Documents/github/avasquez_dgarro_digital_design_lab_2025/ProyectoFinal/rom_i.sv                   ;         ;
; ps2.sv                           ; yes             ; User SystemVerilog HDL File           ; C:/Users/melis/Documents/github/avasquez_dgarro_digital_design_lab_2025/ProyectoFinal/ps2.sv                     ;         ;
; deb.sv                           ; yes             ; User SystemVerilog HDL File           ; C:/Users/melis/Documents/github/avasquez_dgarro_digital_design_lab_2025/ProyectoFinal/deb.sv                     ;         ;
; pll.sv                           ; yes             ; User SystemVerilog HDL File           ; C:/Users/melis/Documents/github/avasquez_dgarro_digital_design_lab_2025/ProyectoFinal/pll.sv                     ;         ;
; vgaController.sv                 ; yes             ; User SystemVerilog HDL File           ; C:/Users/melis/Documents/github/avasquez_dgarro_digital_design_lab_2025/ProyectoFinal/vgaController.sv           ;         ;
; seven_segment_display.sv         ; yes             ; User SystemVerilog HDL File           ; C:/Users/melis/Documents/github/avasquez_dgarro_digital_design_lab_2025/ProyectoFinal/seven_segment_display.sv   ;         ;
; videoGen_pong.sv                 ; yes             ; User SystemVerilog HDL File           ; C:/Users/melis/Documents/github/avasquez_dgarro_digital_design_lab_2025/ProyectoFinal/videoGen_pong.sv           ;         ;
; ram2vga_bridge.sv                ; yes             ; User SystemVerilog HDL File           ; C:/Users/melis/Documents/github/avasquez_dgarro_digital_design_lab_2025/ProyectoFinal/ram2vga_bridge.sv          ;         ;
; ram.sv                           ; yes             ; User SystemVerilog HDL File           ; C:/Users/melis/Documents/github/avasquez_dgarro_digital_design_lab_2025/ProyectoFinal/ram.sv                     ;         ;
; key_mapper.sv                    ; yes             ; User SystemVerilog HDL File           ; C:/Users/melis/Documents/github/avasquez_dgarro_digital_design_lab_2025/ProyectoFinal/key_mapper.sv              ;         ;
; shifter.sv                       ; yes             ; User SystemVerilog HDL File           ; C:/Users/melis/Documents/github/avasquez_dgarro_digital_design_lab_2025/ProyectoFinal/shifter.sv                 ;         ;
; altsyncram.tdf                   ; yes             ; Megafunction                          ; c:/intelfpga_lite/20.1/quartus/libraries/megafunctions/altsyncram.tdf                                            ;         ;
; stratix_ram_block.inc            ; yes             ; Megafunction                          ; c:/intelfpga_lite/20.1/quartus/libraries/megafunctions/stratix_ram_block.inc                                     ;         ;
; lpm_mux.inc                      ; yes             ; Megafunction                          ; c:/intelfpga_lite/20.1/quartus/libraries/megafunctions/lpm_mux.inc                                               ;         ;
; lpm_decode.inc                   ; yes             ; Megafunction                          ; c:/intelfpga_lite/20.1/quartus/libraries/megafunctions/lpm_decode.inc                                            ;         ;
; aglobal201.inc                   ; yes             ; Megafunction                          ; c:/intelfpga_lite/20.1/quartus/libraries/megafunctions/aglobal201.inc                                            ;         ;
; a_rdenreg.inc                    ; yes             ; Megafunction                          ; c:/intelfpga_lite/20.1/quartus/libraries/megafunctions/a_rdenreg.inc                                             ;         ;
; altrom.inc                       ; yes             ; Megafunction                          ; c:/intelfpga_lite/20.1/quartus/libraries/megafunctions/altrom.inc                                                ;         ;
; altram.inc                       ; yes             ; Megafunction                          ; c:/intelfpga_lite/20.1/quartus/libraries/megafunctions/altram.inc                                                ;         ;
; altdpram.inc                     ; yes             ; Megafunction                          ; c:/intelfpga_lite/20.1/quartus/libraries/megafunctions/altdpram.inc                                              ;         ;
; db/altsyncram_ovm1.tdf           ; yes             ; Auto-Generated Megafunction           ; C:/Users/melis/Documents/github/avasquez_dgarro_digital_design_lab_2025/ProyectoFinal/db/altsyncram_ovm1.tdf     ;         ;
; lpm_divide.tdf                   ; yes             ; Megafunction                          ; c:/intelfpga_lite/20.1/quartus/libraries/megafunctions/lpm_divide.tdf                                            ;         ;
; abs_divider.inc                  ; yes             ; Megafunction                          ; c:/intelfpga_lite/20.1/quartus/libraries/megafunctions/abs_divider.inc                                           ;         ;
; sign_div_unsign.inc              ; yes             ; Megafunction                          ; c:/intelfpga_lite/20.1/quartus/libraries/megafunctions/sign_div_unsign.inc                                       ;         ;
; db/lpm_divide_cpo.tdf            ; yes             ; Auto-Generated Megafunction           ; C:/Users/melis/Documents/github/avasquez_dgarro_digital_design_lab_2025/ProyectoFinal/db/lpm_divide_cpo.tdf      ;         ;
; db/abs_divider_lbg.tdf           ; yes             ; Auto-Generated Megafunction           ; C:/Users/melis/Documents/github/avasquez_dgarro_digital_design_lab_2025/ProyectoFinal/db/abs_divider_lbg.tdf     ;         ;
; db/alt_u_div_qve.tdf             ; yes             ; Auto-Generated Megafunction           ; C:/Users/melis/Documents/github/avasquez_dgarro_digital_design_lab_2025/ProyectoFinal/db/alt_u_div_qve.tdf       ;         ;
; db/lpm_abs_ln9.tdf               ; yes             ; Auto-Generated Megafunction           ; C:/Users/melis/Documents/github/avasquez_dgarro_digital_design_lab_2025/ProyectoFinal/db/lpm_abs_ln9.tdf         ;         ;
; db/lpm_abs_4p9.tdf               ; yes             ; Auto-Generated Megafunction           ; C:/Users/melis/Documents/github/avasquez_dgarro_digital_design_lab_2025/ProyectoFinal/db/lpm_abs_4p9.tdf         ;         ;
; db/lpm_divide_apo.tdf            ; yes             ; Auto-Generated Megafunction           ; C:/Users/melis/Documents/github/avasquez_dgarro_digital_design_lab_2025/ProyectoFinal/db/lpm_divide_apo.tdf      ;         ;
; db/abs_divider_jbg.tdf           ; yes             ; Auto-Generated Megafunction           ; C:/Users/melis/Documents/github/avasquez_dgarro_digital_design_lab_2025/ProyectoFinal/db/abs_divider_jbg.tdf     ;         ;
; db/alt_u_div_mve.tdf             ; yes             ; Auto-Generated Megafunction           ; C:/Users/melis/Documents/github/avasquez_dgarro_digital_design_lab_2025/ProyectoFinal/db/alt_u_div_mve.tdf       ;         ;
; db/lpm_abs_jn9.tdf               ; yes             ; Auto-Generated Megafunction           ; C:/Users/melis/Documents/github/avasquez_dgarro_digital_design_lab_2025/ProyectoFinal/db/lpm_abs_jn9.tdf         ;         ;
; db/lpm_divide_i3m.tdf            ; yes             ; Auto-Generated Megafunction           ; C:/Users/melis/Documents/github/avasquez_dgarro_digital_design_lab_2025/ProyectoFinal/db/lpm_divide_i3m.tdf      ;         ;
; db/sign_div_unsign_llh.tdf       ; yes             ; Auto-Generated Megafunction           ; C:/Users/melis/Documents/github/avasquez_dgarro_digital_design_lab_2025/ProyectoFinal/db/sign_div_unsign_llh.tdf ;         ;
; db/alt_u_div_gve.tdf             ; yes             ; Auto-Generated Megafunction           ; C:/Users/melis/Documents/github/avasquez_dgarro_digital_design_lab_2025/ProyectoFinal/db/alt_u_div_gve.tdf       ;         ;
; db/lpm_divide_72m.tdf            ; yes             ; Auto-Generated Megafunction           ; C:/Users/melis/Documents/github/avasquez_dgarro_digital_design_lab_2025/ProyectoFinal/db/lpm_divide_72m.tdf      ;         ;
; db/sign_div_unsign_akh.tdf       ; yes             ; Auto-Generated Megafunction           ; C:/Users/melis/Documents/github/avasquez_dgarro_digital_design_lab_2025/ProyectoFinal/db/sign_div_unsign_akh.tdf ;         ;
; db/alt_u_div_qse.tdf             ; yes             ; Auto-Generated Megafunction           ; C:/Users/melis/Documents/github/avasquez_dgarro_digital_design_lab_2025/ProyectoFinal/db/alt_u_div_qse.tdf       ;         ;
; db/lpm_divide_4am.tdf            ; yes             ; Auto-Generated Megafunction           ; C:/Users/melis/Documents/github/avasquez_dgarro_digital_design_lab_2025/ProyectoFinal/db/lpm_divide_4am.tdf      ;         ;
+----------------------------------+-----------------+---------------------------------------+------------------------------------------------------------------------------------------------------------------+---------+


+-----------------------------------------------------------------+
; Analysis & Synthesis Resource Usage Summary                     ;
+---------------------------------------------+-------------------+
; Resource                                    ; Usage             ;
+---------------------------------------------+-------------------+
; Estimate of Logic utilization (ALMs needed) ; 2147              ;
;                                             ;                   ;
; Combinational ALUT usage for logic          ; 2918              ;
;     -- 7 input functions                    ; 33                ;
;     -- 6 input functions                    ; 856               ;
;     -- 5 input functions                    ; 451               ;
;     -- 4 input functions                    ; 359               ;
;     -- <=3 input functions                  ; 1219              ;
;                                             ;                   ;
; Dedicated logic registers                   ; 945               ;
;                                             ;                   ;
; I/O pins                                    ; 61                ;
; Total MLAB memory bits                      ; 0                 ;
; Total block memory bits                     ; 80                ;
;                                             ;                   ;
; Total DSP Blocks                            ; 2                 ;
;                                             ;                   ;
; Maximum fan-out node                        ; pll:vgapll|toggle ;
; Maximum fan-out                             ; 914               ;
; Total fan-out                               ; 16816             ;
; Average fan-out                             ; 4.21              ;
+---------------------------------------------+-------------------+


+------------------------------------------------------------------------------------------------------------------------------------------------------------------------------------------------------------------------------------------------------------------------------------------------------------------------+
; Analysis & Synthesis Resource Utilization by Entity                                                                                                                                                                                                                                                                    ;
+-------------------------------------------+---------------------+---------------------------+-------------------+------------+------+--------------+----------------------------------------------------------------------------------------------------------------------------+-----------------------+--------------+
; Compilation Hierarchy Node                ; Combinational ALUTs ; Dedicated Logic Registers ; Block Memory Bits ; DSP Blocks ; Pins ; Virtual Pins ; Full Hierarchy Name                                                                                                        ; Entity Name           ; Library Name ;
+-------------------------------------------+---------------------+---------------------------+-------------------+------------+------+--------------+----------------------------------------------------------------------------------------------------------------------------+-----------------------+--------------+
; |top                                      ; 2918 (118)          ; 945 (0)                   ; 80                ; 2          ; 61   ; 0            ; |top                                                                                                                       ; top                   ; work         ;
;    |arm:arm_inst|                         ; 1341 (0)            ; 516 (0)                   ; 0                 ; 2          ; 0    ; 0            ; |top|arm:arm_inst                                                                                                          ; arm                   ; work         ;
;       |controller:c|                      ; 23 (0)              ; 4 (0)                     ; 0                 ; 0          ; 0    ; 0            ; |top|arm:arm_inst|controller:c                                                                                             ; controller            ; work         ;
;          |condlogic:cl|                   ; 11 (6)              ; 4 (0)                     ; 0                 ; 0          ; 0    ; 0            ; |top|arm:arm_inst|controller:c|condlogic:cl                                                                                ; condlogic             ; work         ;
;             |condcheck:cc|                ; 5 (5)               ; 0 (0)                     ; 0                 ; 0          ; 0    ; 0            ; |top|arm:arm_inst|controller:c|condlogic:cl|condcheck:cc                                                                   ; condcheck             ; work         ;
;             |flopenr:flagreg0|            ; 0 (0)               ; 2 (2)                     ; 0                 ; 0          ; 0    ; 0            ; |top|arm:arm_inst|controller:c|condlogic:cl|flopenr:flagreg0                                                               ; flopenr               ; work         ;
;             |flopenr:flagreg1|            ; 0 (0)               ; 2 (2)                     ; 0                 ; 0          ; 0    ; 0            ; |top|arm:arm_inst|controller:c|condlogic:cl|flopenr:flagreg1                                                               ; flopenr               ; work         ;
;          |decoder:dec|                    ; 12 (12)             ; 0 (0)                     ; 0                 ; 0          ; 0    ; 0            ; |top|arm:arm_inst|controller:c|decoder:dec                                                                                 ; decoder               ; work         ;
;       |datapath:dp|                       ; 1318 (285)          ; 512 (0)                   ; 0                 ; 2          ; 0    ; 0            ; |top|arm:arm_inst|datapath:dp                                                                                              ; datapath              ; work         ;
;          |adder:pcadd1|                   ; 30 (30)             ; 0 (0)                     ; 0                 ; 0          ; 0    ; 0            ; |top|arm:arm_inst|datapath:dp|adder:pcadd1                                                                                 ; adder                 ; work         ;
;          |adder:pcadd2|                   ; 30 (30)             ; 0 (0)                     ; 0                 ; 0          ; 0    ; 0            ; |top|arm:arm_inst|datapath:dp|adder:pcadd2                                                                                 ; adder                 ; work         ;
;          |alu:alu|                        ; 142 (142)           ; 0 (0)                     ; 0                 ; 2          ; 0    ; 0            ; |top|arm:arm_inst|datapath:dp|alu:alu                                                                                      ; alu                   ; work         ;
;          |extend:ext|                     ; 13 (13)             ; 0 (0)                     ; 0                 ; 0          ; 0    ; 0            ; |top|arm:arm_inst|datapath:dp|extend:ext                                                                                   ; extend                ; work         ;
;          |flopr:pcreg|                    ; 0 (0)               ; 32 (32)                   ; 0                 ; 0          ; 0    ; 0            ; |top|arm:arm_inst|datapath:dp|flopr:pcreg                                                                                  ; flopr                 ; work         ;
;          |mux2:resmux|                    ; 68 (68)             ; 0 (0)                     ; 0                 ; 0          ; 0    ; 0            ; |top|arm:arm_inst|datapath:dp|mux2:resmux                                                                                  ; mux2                  ; work         ;
;          |mux2:srcbmux|                   ; 138 (138)           ; 0 (0)                     ; 0                 ; 0          ; 0    ; 0            ; |top|arm:arm_inst|datapath:dp|mux2:srcbmux                                                                                 ; mux2                  ; work         ;
;          |regfile:rf|                     ; 334 (334)           ; 480 (480)                 ; 0                 ; 0          ; 0    ; 0            ; |top|arm:arm_inst|datapath:dp|regfile:rf                                                                                   ; regfile               ; work         ;
;          |shifter:sh|                     ; 278 (278)           ; 0 (0)                     ; 0                 ; 0          ; 0    ; 0            ; |top|arm:arm_inst|datapath:dp|shifter:sh                                                                                   ; shifter               ; work         ;
;    |key_mapper:keymap_inst|               ; 9 (9)               ; 4 (4)                     ; 0                 ; 0          ; 0    ; 0            ; |top|key_mapper:keymap_inst                                                                                                ; key_mapper            ; work         ;
;    |lpm_divide:Div0|                      ; 38 (0)              ; 0 (0)                     ; 0                 ; 0          ; 0    ; 0            ; |top|lpm_divide:Div0                                                                                                       ; lpm_divide            ; work         ;
;       |lpm_divide_4am:auto_generated|     ; 38 (0)              ; 0 (0)                     ; 0                 ; 0          ; 0    ; 0            ; |top|lpm_divide:Div0|lpm_divide_4am:auto_generated                                                                         ; lpm_divide_4am        ; work         ;
;          |sign_div_unsign_akh:divider|    ; 38 (0)              ; 0 (0)                     ; 0                 ; 0          ; 0    ; 0            ; |top|lpm_divide:Div0|lpm_divide_4am:auto_generated|sign_div_unsign_akh:divider                                             ; sign_div_unsign_akh   ; work         ;
;             |alt_u_div_qse:divider|       ; 38 (38)             ; 0 (0)                     ; 0                 ; 0          ; 0    ; 0            ; |top|lpm_divide:Div0|lpm_divide_4am:auto_generated|sign_div_unsign_akh:divider|alt_u_div_qse:divider                       ; alt_u_div_qse         ; work         ;
;    |lpm_divide:Div1|                      ; 38 (0)              ; 0 (0)                     ; 0                 ; 0          ; 0    ; 0            ; |top|lpm_divide:Div1                                                                                                       ; lpm_divide            ; work         ;
;       |lpm_divide_4am:auto_generated|     ; 38 (0)              ; 0 (0)                     ; 0                 ; 0          ; 0    ; 0            ; |top|lpm_divide:Div1|lpm_divide_4am:auto_generated                                                                         ; lpm_divide_4am        ; work         ;
;          |sign_div_unsign_akh:divider|    ; 38 (0)              ; 0 (0)                     ; 0                 ; 0          ; 0    ; 0            ; |top|lpm_divide:Div1|lpm_divide_4am:auto_generated|sign_div_unsign_akh:divider                                             ; sign_div_unsign_akh   ; work         ;
;             |alt_u_div_qse:divider|       ; 38 (38)             ; 0 (0)                     ; 0                 ; 0          ; 0    ; 0            ; |top|lpm_divide:Div1|lpm_divide_4am:auto_generated|sign_div_unsign_akh:divider|alt_u_div_qse:divider                       ; alt_u_div_qse         ; work         ;
;    |lpm_divide:Mod0|                      ; 38 (0)              ; 0 (0)                     ; 0                 ; 0          ; 0    ; 0            ; |top|lpm_divide:Mod0                                                                                                       ; lpm_divide            ; work         ;
;       |lpm_divide_72m:auto_generated|     ; 38 (0)              ; 0 (0)                     ; 0                 ; 0          ; 0    ; 0            ; |top|lpm_divide:Mod0|lpm_divide_72m:auto_generated                                                                         ; lpm_divide_72m        ; work         ;
;          |sign_div_unsign_akh:divider|    ; 38 (0)              ; 0 (0)                     ; 0                 ; 0          ; 0    ; 0            ; |top|lpm_divide:Mod0|lpm_divide_72m:auto_generated|sign_div_unsign_akh:divider                                             ; sign_div_unsign_akh   ; work         ;
;             |alt_u_div_qse:divider|       ; 38 (38)             ; 0 (0)                     ; 0                 ; 0          ; 0    ; 0            ; |top|lpm_divide:Mod0|lpm_divide_72m:auto_generated|sign_div_unsign_akh:divider|alt_u_div_qse:divider                       ; alt_u_div_qse         ; work         ;
;    |lpm_divide:Mod1|                      ; 38 (0)              ; 0 (0)                     ; 0                 ; 0          ; 0    ; 0            ; |top|lpm_divide:Mod1                                                                                                       ; lpm_divide            ; work         ;
;       |lpm_divide_72m:auto_generated|     ; 38 (0)              ; 0 (0)                     ; 0                 ; 0          ; 0    ; 0            ; |top|lpm_divide:Mod1|lpm_divide_72m:auto_generated                                                                         ; lpm_divide_72m        ; work         ;
;          |sign_div_unsign_akh:divider|    ; 38 (0)              ; 0 (0)                     ; 0                 ; 0          ; 0    ; 0            ; |top|lpm_divide:Mod1|lpm_divide_72m:auto_generated|sign_div_unsign_akh:divider                                             ; sign_div_unsign_akh   ; work         ;
;             |alt_u_div_qse:divider|       ; 38 (38)             ; 0 (0)                     ; 0                 ; 0          ; 0    ; 0            ; |top|lpm_divide:Mod1|lpm_divide_72m:auto_generated|sign_div_unsign_akh:divider|alt_u_div_qse:divider                       ; alt_u_div_qse         ; work         ;
;    |pll:vgapll|                           ; 1 (1)               ; 1 (1)                     ; 0                 ; 0          ; 0    ; 0            ; |top|pll:vgapll                                                                                                            ; pll                   ; work         ;
;    |ps2:kb_inst|                          ; 43 (32)             ; 53 (42)                   ; 0                 ; 0          ; 0    ; 0            ; |top|ps2:kb_inst                                                                                                           ; ps2                   ; work         ;
;       |deb:deb0|                          ; 11 (11)             ; 11 (11)                   ; 0                 ; 0          ; 0    ; 0            ; |top|ps2:kb_inst|deb:deb0                                                                                                  ; deb                   ; work         ;
;    |ram2vga_bridge:u_bridge|              ; 9 (9)               ; 67 (67)                   ; 0                 ; 0          ; 0    ; 0            ; |top|ram2vga_bridge:u_bridge                                                                                               ; ram2vga_bridge        ; work         ;
;    |ram:dmem|                             ; 22 (22)             ; 284 (284)                 ; 80                ; 0          ; 0    ; 0            ; |top|ram:dmem                                                                                                              ; ram                   ; work         ;
;       |altsyncram:mem_rtl_0|              ; 0 (0)               ; 0 (0)                     ; 80                ; 0          ; 0    ; 0            ; |top|ram:dmem|altsyncram:mem_rtl_0                                                                                         ; altsyncram            ; work         ;
;          |altsyncram_ovm1:auto_generated| ; 0 (0)               ; 0 (0)                     ; 80                ; 0          ; 0    ; 0            ; |top|ram:dmem|altsyncram:mem_rtl_0|altsyncram_ovm1:auto_generated                                                          ; altsyncram_ovm1       ; work         ;
;    |rom_i:imem|                           ; 132 (132)           ; 0 (0)                     ; 0                 ; 0          ; 0    ; 0            ; |top|rom_i:imem                                                                                                            ; rom_i                 ; work         ;
;    |seven_segment_display:disp_p1_tens|   ; 7 (7)               ; 0 (0)                     ; 0                 ; 0          ; 0    ; 0            ; |top|seven_segment_display:disp_p1_tens                                                                                    ; seven_segment_display ; work         ;
;    |seven_segment_display:disp_p1_units|  ; 7 (7)               ; 0 (0)                     ; 0                 ; 0          ; 0    ; 0            ; |top|seven_segment_display:disp_p1_units                                                                                   ; seven_segment_display ; work         ;
;    |seven_segment_display:disp_p2_tens|   ; 7 (7)               ; 0 (0)                     ; 0                 ; 0          ; 0    ; 0            ; |top|seven_segment_display:disp_p2_tens                                                                                    ; seven_segment_display ; work         ;
;    |seven_segment_display:disp_p2_units|  ; 7 (7)               ; 0 (0)                     ; 0                 ; 0          ; 0    ; 0            ; |top|seven_segment_display:disp_p2_units                                                                                   ; seven_segment_display ; work         ;
;    |vgaController:vgaCont|                ; 31 (31)             ; 20 (20)                   ; 0                 ; 0          ; 0    ; 0            ; |top|vgaController:vgaCont                                                                                                 ; vgaController         ; work         ;
;    |videoGen_pong:u_video|                ; 1032 (254)          ; 0 (0)                     ; 0                 ; 0          ; 0    ; 0            ; |top|videoGen_pong:u_video                                                                                                 ; videoGen_pong         ; work         ;
;       |lpm_divide:Div0|                   ; 187 (0)             ; 0 (0)                     ; 0                 ; 0          ; 0    ; 0            ; |top|videoGen_pong:u_video|lpm_divide:Div0                                                                                 ; lpm_divide            ; work         ;
;          |lpm_divide_cpo:auto_generated|  ; 187 (0)             ; 0 (0)                     ; 0                 ; 0          ; 0    ; 0            ; |top|videoGen_pong:u_video|lpm_divide:Div0|lpm_divide_cpo:auto_generated                                                   ; lpm_divide_cpo        ; work         ;
;             |abs_divider_lbg:divider|     ; 187 (24)            ; 0 (0)                     ; 0                 ; 0          ; 0    ; 0            ; |top|videoGen_pong:u_video|lpm_divide:Div0|lpm_divide_cpo:auto_generated|abs_divider_lbg:divider                           ; abs_divider_lbg       ; work         ;
;                |alt_u_div_qve:divider|    ; 151 (151)           ; 0 (0)                     ; 0                 ; 0          ; 0    ; 0            ; |top|videoGen_pong:u_video|lpm_divide:Div0|lpm_divide_cpo:auto_generated|abs_divider_lbg:divider|alt_u_div_qve:divider     ; alt_u_div_qve         ; work         ;
;                |lpm_abs_4p9:my_abs_num|   ; 12 (12)             ; 0 (0)                     ; 0                 ; 0          ; 0    ; 0            ; |top|videoGen_pong:u_video|lpm_divide:Div0|lpm_divide_cpo:auto_generated|abs_divider_lbg:divider|lpm_abs_4p9:my_abs_num    ; lpm_abs_4p9           ; work         ;
;       |lpm_divide:Div1|                   ; 383 (0)             ; 0 (0)                     ; 0                 ; 0          ; 0    ; 0            ; |top|videoGen_pong:u_video|lpm_divide:Div1                                                                                 ; lpm_divide            ; work         ;
;          |lpm_divide_apo:auto_generated|  ; 383 (0)             ; 0 (0)                     ; 0                 ; 0          ; 0    ; 0            ; |top|videoGen_pong:u_video|lpm_divide:Div1|lpm_divide_apo:auto_generated                                                   ; lpm_divide_apo        ; work         ;
;             |abs_divider_jbg:divider|     ; 383 (3)             ; 0 (0)                     ; 0                 ; 0          ; 0    ; 0            ; |top|videoGen_pong:u_video|lpm_divide:Div1|lpm_divide_apo:auto_generated|abs_divider_jbg:divider                           ; abs_divider_jbg       ; work         ;
;                |alt_u_div_mve:divider|    ; 348 (348)           ; 0 (0)                     ; 0                 ; 0          ; 0    ; 0            ; |top|videoGen_pong:u_video|lpm_divide:Div1|lpm_divide_apo:auto_generated|abs_divider_jbg:divider|alt_u_div_mve:divider     ; alt_u_div_mve         ; work         ;
;                |lpm_abs_4p9:my_abs_num|   ; 32 (32)             ; 0 (0)                     ; 0                 ; 0          ; 0    ; 0            ; |top|videoGen_pong:u_video|lpm_divide:Div1|lpm_divide_apo:auto_generated|abs_divider_jbg:divider|lpm_abs_4p9:my_abs_num    ; lpm_abs_4p9           ; work         ;
;       |lpm_divide:Div2|                   ; 136 (0)             ; 0 (0)                     ; 0                 ; 0          ; 0    ; 0            ; |top|videoGen_pong:u_video|lpm_divide:Div2                                                                                 ; lpm_divide            ; work         ;
;          |lpm_divide_apo:auto_generated|  ; 136 (0)             ; 0 (0)                     ; 0                 ; 0          ; 0    ; 0            ; |top|videoGen_pong:u_video|lpm_divide:Div2|lpm_divide_apo:auto_generated                                                   ; lpm_divide_apo        ; work         ;
;             |abs_divider_jbg:divider|     ; 136 (14)            ; 0 (0)                     ; 0                 ; 0          ; 0    ; 0            ; |top|videoGen_pong:u_video|lpm_divide:Div2|lpm_divide_apo:auto_generated|abs_divider_jbg:divider                           ; abs_divider_jbg       ; work         ;
;                |alt_u_div_mve:divider|    ; 110 (110)           ; 0 (0)                     ; 0                 ; 0          ; 0    ; 0            ; |top|videoGen_pong:u_video|lpm_divide:Div2|lpm_divide_apo:auto_generated|abs_divider_jbg:divider|alt_u_div_mve:divider     ; alt_u_div_mve         ; work         ;
;                |lpm_abs_4p9:my_abs_num|   ; 12 (12)             ; 0 (0)                     ; 0                 ; 0          ; 0    ; 0            ; |top|videoGen_pong:u_video|lpm_divide:Div2|lpm_divide_apo:auto_generated|abs_divider_jbg:divider|lpm_abs_4p9:my_abs_num    ; lpm_abs_4p9           ; work         ;
;       |lpm_divide:Mod0|                   ; 72 (0)              ; 0 (0)                     ; 0                 ; 0          ; 0    ; 0            ; |top|videoGen_pong:u_video|lpm_divide:Mod0                                                                                 ; lpm_divide            ; work         ;
;          |lpm_divide_i3m:auto_generated|  ; 72 (0)              ; 0 (0)                     ; 0                 ; 0          ; 0    ; 0            ; |top|videoGen_pong:u_video|lpm_divide:Mod0|lpm_divide_i3m:auto_generated                                                   ; lpm_divide_i3m        ; work         ;
;             |sign_div_unsign_llh:divider| ; 72 (0)              ; 0 (0)                     ; 0                 ; 0          ; 0    ; 0            ; |top|videoGen_pong:u_video|lpm_divide:Mod0|lpm_divide_i3m:auto_generated|sign_div_unsign_llh:divider                       ; sign_div_unsign_llh   ; work         ;
;                |alt_u_div_gve:divider|    ; 72 (72)             ; 0 (0)                     ; 0                 ; 0          ; 0    ; 0            ; |top|videoGen_pong:u_video|lpm_divide:Mod0|lpm_divide_i3m:auto_generated|sign_div_unsign_llh:divider|alt_u_div_gve:divider ; alt_u_div_gve         ; work         ;
+-------------------------------------------+---------------------+---------------------------+-------------------+------------+------+--------------+----------------------------------------------------------------------------------------------------------------------------+-----------------------+--------------+
Note: For table entries with two numbers listed, the numbers in parentheses indicate the number of resources of the given type used by the specific entity alone. The numbers listed outside of parentheses indicate the total resources of the given type used by the specific entity and all of its sub-entities in the hierarchy.


+-----------------------------------------------------------------------------------------------------------------------------------------------------------------------------+
; Analysis & Synthesis RAM Summary                                                                                                                                            ;
+-------------------------------------------------------------------------+------+------------------+--------------+--------------+--------------+--------------+------+------+
; Name                                                                    ; Type ; Mode             ; Port A Depth ; Port A Width ; Port B Depth ; Port B Width ; Size ; MIF  ;
+-------------------------------------------------------------------------+------+------------------+--------------+--------------+--------------+--------------+------+------+
; ram:dmem|altsyncram:mem_rtl_0|altsyncram_ovm1:auto_generated|ALTSYNCRAM ; AUTO ; Simple Dual Port ; 8            ; 10           ; 8            ; 10           ; 80   ; None ;
+-------------------------------------------------------------------------+------+------------------+--------------+--------------+--------------+--------------+------+------+


+-----------------------------------------------+
; Analysis & Synthesis DSP Block Usage Summary  ;
+---------------------------------+-------------+
; Statistic                       ; Number Used ;
+---------------------------------+-------------+
; Two Independent 18x18           ; 1           ;
; Sum of two 18x18                ; 1           ;
; Total number of DSP blocks      ; 2           ;
;                                 ;             ;
; Fixed Point Unsigned Multiplier ; 3           ;
+---------------------------------+-------------+


Encoding Type:  One-Hot
+------------------------------------------------------------------------------------------------------------------------+
; State Machine - |top|ram2vga_bridge:u_bridge|state                                                                     ;
+-------------+-------------+------------+------------+------------+------------+-------------+-------------+------------+
; Name        ; state.R_WIN ; state.R_S2 ; state.R_S1 ; state.R_BY ; state.R_BX ; state.R_P2Y ; state.R_P1Y ; state.IDLE ;
+-------------+-------------+------------+------------+------------+------------+-------------+-------------+------------+
; state.IDLE  ; 0           ; 0          ; 0          ; 0          ; 0          ; 0           ; 0           ; 0          ;
; state.R_P1Y ; 0           ; 0          ; 0          ; 0          ; 0          ; 0           ; 1           ; 1          ;
; state.R_P2Y ; 0           ; 0          ; 0          ; 0          ; 0          ; 1           ; 0           ; 1          ;
; state.R_BX  ; 0           ; 0          ; 0          ; 0          ; 1          ; 0           ; 0           ; 1          ;
; state.R_BY  ; 0           ; 0          ; 0          ; 1          ; 0          ; 0           ; 0           ; 1          ;
; state.R_S1  ; 0           ; 0          ; 1          ; 0          ; 0          ; 0           ; 0           ; 1          ;
; state.R_S2  ; 0           ; 1          ; 0          ; 0          ; 0          ; 0           ; 0           ; 1          ;
; state.R_WIN ; 1           ; 0          ; 0          ; 0          ; 0          ; 0           ; 0           ; 1          ;
+-------------+-------------+------------+------------+------------+------------+-------------+-------------+------------+


Encoding Type:  One-Hot
+---------------------------------------------------------------------------------------------------------------+
; State Machine - |top|ps2:kb_inst|state_reg                                                                    ;
+-----------------------------+-----------------------------+--------------------------+------------------------+
; Name                        ; state_reg.WAITING_FOR_START ; state_reg.END_PROCESSING ; state_reg.SENDING_DATA ;
+-----------------------------+-----------------------------+--------------------------+------------------------+
; state_reg.WAITING_FOR_START ; 0                           ; 0                        ; 0                      ;
; state_reg.SENDING_DATA      ; 1                           ; 0                        ; 1                      ;
; state_reg.END_PROCESSING    ; 1                           ; 1                        ; 0                      ;
+-----------------------------+-----------------------------+--------------------------+------------------------+


+------------------------------------------------------------+
; Registers Removed During Synthesis                         ;
+---------------------------------------+--------------------+
; Register name                         ; Reason for Removal ;
+---------------------------------------+--------------------+
; ram2vga_bridge:u_bridge|state~12      ; Lost fanout        ;
; ram2vga_bridge:u_bridge|state~13      ; Lost fanout        ;
; ram2vga_bridge:u_bridge|state~14      ; Lost fanout        ;
; Total Number of Removed Registers = 3 ;                    ;
+---------------------------------------+--------------------+


+------------------------------------------------------+
; General Register Statistics                          ;
+----------------------------------------------+-------+
; Statistic                                    ; Value ;
+----------------------------------------------+-------+
; Total registers                              ; 945   ;
; Number of registers using Synchronous Clear  ; 45    ;
; Number of registers using Synchronous Load   ; 510   ;
; Number of registers using Asynchronous Clear ; 644   ;
; Number of registers using Asynchronous Load  ; 0     ;
; Number of registers using Clock Enable       ; 852   ;
; Number of registers using Preset             ; 0     ;
+----------------------------------------------+-------+


+----------------------------------------------------+
; Registers Added for RAM Pass-Through Logic         ;
+-------------------------------+--------------------+
; Register Name                 ; RAM Name           ;
+-------------------------------+--------------------+
; ram:dmem|mem_rtl_0_bypass[0]  ; ram:dmem|mem_rtl_0 ;
; ram:dmem|mem_rtl_0_bypass[1]  ; ram:dmem|mem_rtl_0 ;
; ram:dmem|mem_rtl_0_bypass[2]  ; ram:dmem|mem_rtl_0 ;
; ram:dmem|mem_rtl_0_bypass[3]  ; ram:dmem|mem_rtl_0 ;
; ram:dmem|mem_rtl_0_bypass[4]  ; ram:dmem|mem_rtl_0 ;
; ram:dmem|mem_rtl_0_bypass[5]  ; ram:dmem|mem_rtl_0 ;
; ram:dmem|mem_rtl_0_bypass[6]  ; ram:dmem|mem_rtl_0 ;
; ram:dmem|mem_rtl_0_bypass[7]  ; ram:dmem|mem_rtl_0 ;
; ram:dmem|mem_rtl_0_bypass[8]  ; ram:dmem|mem_rtl_0 ;
; ram:dmem|mem_rtl_0_bypass[9]  ; ram:dmem|mem_rtl_0 ;
; ram:dmem|mem_rtl_0_bypass[10] ; ram:dmem|mem_rtl_0 ;
; ram:dmem|mem_rtl_0_bypass[11] ; ram:dmem|mem_rtl_0 ;
; ram:dmem|mem_rtl_0_bypass[12] ; ram:dmem|mem_rtl_0 ;
; ram:dmem|mem_rtl_0_bypass[13] ; ram:dmem|mem_rtl_0 ;
; ram:dmem|mem_rtl_0_bypass[14] ; ram:dmem|mem_rtl_0 ;
; ram:dmem|mem_rtl_0_bypass[15] ; ram:dmem|mem_rtl_0 ;
; ram:dmem|mem_rtl_0_bypass[16] ; ram:dmem|mem_rtl_0 ;
+-------------------------------+--------------------+


+--------------------------------------------------------------------------------------------------------------------------------------------------------------------+
; Multiplexer Restructuring Statistics (Restructuring Performed)                                                                                                     ;
+--------------------+-----------+---------------+----------------------+------------------------+------------+------------------------------------------------------+
; Multiplexer Inputs ; Bus Width ; Baseline Area ; Area if Restructured ; Saving if Restructured ; Registered ; Example Multiplexer Output                           ;
+--------------------+-----------+---------------+----------------------+------------------------+------------+------------------------------------------------------+
; 3:1                ; 16 bits   ; 32 LEs        ; 16 LEs               ; 16 LEs                 ; Yes        ; |top|ps2:kb_inst|display_bin_code_reg[6]             ;
; 4:1                ; 9 bits    ; 18 LEs        ; 0 LEs                ; 18 LEs                 ; Yes        ; |top|ps2:kb_inst|data_reg[2]                         ;
; 5:1                ; 4 bits    ; 12 LEs        ; 4 LEs                ; 8 LEs                  ; Yes        ; |top|ps2:kb_inst|n_reg[0]                            ;
; 5:1                ; 8 bits    ; 24 LEs        ; 0 LEs                ; 24 LEs                 ; Yes        ; |top|ps2:kb_inst|bin_code_reg[2]                     ;
; 3:1                ; 4 bits    ; 8 LEs         ; 8 LEs                ; 0 LEs                  ; No         ; |top|arm:arm_inst|datapath:dp|RA1[1]                 ;
; 3:1                ; 4 bits    ; 8 LEs         ; 8 LEs                ; 0 LEs                  ; No         ; |top|arm:arm_inst|datapath:dp|RA2[1]                 ;
; 3:1                ; 4 bits    ; 8 LEs         ; 8 LEs                ; 0 LEs                  ; No         ; |top|arm:arm_inst|datapath:dp|WA3[1]                 ;
; 3:1                ; 2 bits    ; 4 LEs         ; 4 LEs                ; 0 LEs                  ; No         ; |top|arm:arm_inst|datapath:dp|extend:ext|ShiftLeft0  ;
; 3:1                ; 2 bits    ; 4 LEs         ; 4 LEs                ; 0 LEs                  ; No         ; |top|arm:arm_inst|datapath:dp|extend:ext|ShiftLeft0  ;
; 4:1                ; 2 bits    ; 4 LEs         ; 4 LEs                ; 0 LEs                  ; No         ; |top|arm:arm_inst|datapath:dp|extend:ext|ShiftLeft0  ;
; 4:1                ; 2 bits    ; 4 LEs         ; 4 LEs                ; 0 LEs                  ; No         ; |top|arm:arm_inst|datapath:dp|extend:ext|ShiftLeft0  ;
; 4:1                ; 2 bits    ; 4 LEs         ; 4 LEs                ; 0 LEs                  ; No         ; |top|arm:arm_inst|datapath:dp|extend:ext|ShiftLeft0  ;
; 4:1                ; 24 bits   ; 48 LEs        ; 48 LEs               ; 0 LEs                  ; No         ; |top|arm:arm_inst|datapath:dp|shifter:sh|ShiftRight1 ;
; 3:1                ; 4 bits    ; 8 LEs         ; 8 LEs                ; 0 LEs                  ; No         ; |top|arm:arm_inst|datapath:dp|shifter:sh|ShiftLeft0  ;
; 4:1                ; 16 bits   ; 32 LEs        ; 32 LEs               ; 0 LEs                  ; No         ; |top|arm:arm_inst|datapath:dp|shifter:sh|ShiftLeft0  ;
; 4:1                ; 4 bits    ; 8 LEs         ; 8 LEs                ; 0 LEs                  ; No         ; |top|arm:arm_inst|datapath:dp|shifter:sh|ShiftLeft0  ;
; 3:1                ; 3 bits    ; 6 LEs         ; 6 LEs                ; 0 LEs                  ; No         ; |top|arm:arm_inst|datapath:dp|shifter:sh|ShiftRight1 ;
; 4:1                ; 3 bits    ; 6 LEs         ; 6 LEs                ; 0 LEs                  ; No         ; |top|arm:arm_inst|datapath:dp|shifter:sh|ShiftRight1 ;
; 3:1                ; 2 bits    ; 4 LEs         ; 4 LEs                ; 0 LEs                  ; No         ; |top|arm:arm_inst|datapath:dp|shifter:sh|ShiftRight1 ;
; 4:1                ; 4 bits    ; 8 LEs         ; 8 LEs                ; 0 LEs                  ; No         ; |top|arm:arm_inst|datapath:dp|shifter:sh|ShiftRight1 ;
; 4:1                ; 9 bits    ; 18 LEs        ; 18 LEs               ; 0 LEs                  ; No         ; |top|arm:arm_inst|datapath:dp|shifter:sh|ShiftRight1 ;
; 3:1                ; 4 bits    ; 8 LEs         ; 8 LEs                ; 0 LEs                  ; No         ; |top|arm:arm_inst|datapath:dp|shifter:sh|ShiftLeft1  ;
; 4:1                ; 16 bits   ; 32 LEs        ; 32 LEs               ; 0 LEs                  ; No         ; |top|arm:arm_inst|datapath:dp|shifter:sh|ShiftLeft1  ;
; 4:1                ; 4 bits    ; 8 LEs         ; 8 LEs                ; 0 LEs                  ; No         ; |top|arm:arm_inst|datapath:dp|shifter:sh|ShiftLeft1  ;
; 3:1                ; 8 bits    ; 16 LEs        ; 16 LEs               ; 0 LEs                  ; No         ; |top|arm:arm_inst|datapath:dp|shifter:sh|ShiftLeft1  ;
; 3:1                ; 10 bits   ; 20 LEs        ; 20 LEs               ; 0 LEs                  ; No         ; |top|ram:dmem|Mux54                                  ;
; 3:1                ; 24 bits   ; 48 LEs        ; 48 LEs               ; 0 LEs                  ; No         ; |top|arm:arm_inst|datapath:dp|mux2:resmux|y[28]      ;
; 3:1                ; 2 bits    ; 4 LEs         ; 4 LEs                ; 0 LEs                  ; No         ; |top|arm:arm_inst|datapath:dp|extend:ext|ShiftRight0 ;
; 4:1                ; 2 bits    ; 4 LEs         ; 4 LEs                ; 0 LEs                  ; No         ; |top|videoGen_pong:u_video|r[3]                      ;
; 4:1                ; 2 bits    ; 4 LEs         ; 4 LEs                ; 0 LEs                  ; No         ; |top|arm:arm_inst|datapath:dp|extend:ext|ShiftRight0 ;
; 5:1                ; 2 bits    ; 6 LEs         ; 6 LEs                ; 0 LEs                  ; No         ; |top|arm:arm_inst|datapath:dp|extend:ext|ShiftRight0 ;
; 5:1                ; 2 bits    ; 6 LEs         ; 6 LEs                ; 0 LEs                  ; No         ; |top|arm:arm_inst|datapath:dp|extend:ext|ShiftRight0 ;
; 4:1                ; 3 bits    ; 6 LEs         ; 6 LEs                ; 0 LEs                  ; No         ; |top|arm:arm_inst|datapath:dp|shifter:sh|ShiftRight1 ;
; 4:1                ; 8 bits    ; 16 LEs        ; 16 LEs               ; 0 LEs                  ; No         ; |top|arm:arm_inst|datapath:dp|shifter:sh|ShiftLeft1  ;
; 4:1                ; 8 bits    ; 16 LEs        ; 16 LEs               ; 0 LEs                  ; No         ; |top|arm:arm_inst|datapath:dp|shifter:sh|ShiftLeft1  ;
; 5:1                ; 4 bits    ; 12 LEs        ; 12 LEs               ; 0 LEs                  ; No         ; |top|arm:arm_inst|datapath:dp|shifter:sh|ShiftLeft1  ;
; 5:1                ; 32 bits   ; 96 LEs        ; 96 LEs               ; 0 LEs                  ; No         ; |top|arm:arm_inst|datapath:dp|alu:alu|ALUResult[18]  ;
; 7:1                ; 3 bits    ; 12 LEs        ; 12 LEs               ; 0 LEs                  ; No         ; |top|arm:arm_inst|datapath:dp|shifter:sh|ShiftRight1 ;
; 9:1                ; 24 bits   ; 144 LEs       ; 144 LEs              ; 0 LEs                  ; No         ; |top|ReadData[25]                                    ;
; 17:1               ; 32 bits   ; 352 LEs       ; 352 LEs              ; 0 LEs                  ; No         ; |top|arm:arm_inst|datapath:dp|regfile:rf|rd2[31]     ;
; 8:1                ; 4 bits    ; 20 LEs        ; 20 LEs               ; 0 LEs                  ; No         ; |top|arm:arm_inst|datapath:dp|shifter:sh|ShiftLeft1  ;
; 6:1                ; 3 bits    ; 12 LEs        ; 6 LEs                ; 6 LEs                  ; No         ; |top|ps2:kb_inst|Selector13                          ;
; 18:1               ; 32 bits   ; 384 LEs       ; 384 LEs              ; 0 LEs                  ; No         ; |top|arm:arm_inst|datapath:dp|SrcA_pre[8]            ;
; 11:1               ; 3 bits    ; 21 LEs        ; 18 LEs               ; 3 LEs                  ; No         ; |top|arm:arm_inst|datapath:dp|mux2:srcbmux|y[7]      ;
; 11:1               ; 3 bits    ; 21 LEs        ; 18 LEs               ; 3 LEs                  ; No         ; |top|arm:arm_inst|datapath:dp|mux2:srcbmux|y[6]      ;
; 13:1               ; 4 bits    ; 32 LEs        ; 32 LEs               ; 0 LEs                  ; No         ; |top|arm:arm_inst|datapath:dp|mux2:resmux|y[7]       ;
; 13:1               ; 4 bits    ; 32 LEs        ; 32 LEs               ; 0 LEs                  ; No         ; |top|arm:arm_inst|datapath:dp|mux2:resmux|y[2]       ;
; 13:1               ; 2 bits    ; 16 LEs        ; 16 LEs               ; 0 LEs                  ; No         ; |top|arm:arm_inst|datapath:dp|mux2:srcbmux|y[23]     ;
; 13:1               ; 2 bits    ; 16 LEs        ; 16 LEs               ; 0 LEs                  ; No         ; |top|arm:arm_inst|datapath:dp|mux2:srcbmux|y[15]     ;
; 14:1               ; 2 bits    ; 18 LEs        ; 16 LEs               ; 2 LEs                  ; No         ; |top|arm:arm_inst|datapath:dp|mux2:srcbmux|y[26]     ;
; 15:1               ; 6 bits    ; 60 LEs        ; 54 LEs               ; 6 LEs                  ; No         ; |top|arm:arm_inst|datapath:dp|mux2:srcbmux|y[19]     ;
; 16:1               ; 2 bits    ; 20 LEs        ; 20 LEs               ; 0 LEs                  ; No         ; |top|arm:arm_inst|datapath:dp|mux2:srcbmux|y[28]     ;
+--------------------+-----------+---------------+----------------------+------------------------+------------+------------------------------------------------------+


+-------------------------------------------------------------------------------------+
; Source assignments for ram:dmem|altsyncram:mem_rtl_0|altsyncram_ovm1:auto_generated ;
+---------------------------------+--------------------+------+-----------------------+
; Assignment                      ; Value              ; From ; To                    ;
+---------------------------------+--------------------+------+-----------------------+
; OPTIMIZE_POWER_DURING_SYNTHESIS ; NORMAL_COMPILATION ; -    ; -                     ;
+---------------------------------+--------------------+------+-----------------------+


+------------------------------------------------------------------------------------------------------+
; Parameter Settings for User Entity Instance: arm:arm_inst|controller:c|condlogic:cl|flopenr:flagreg1 ;
+----------------+-------+-----------------------------------------------------------------------------+
; Parameter Name ; Value ; Type                                                                        ;
+----------------+-------+-----------------------------------------------------------------------------+
; WIDTH          ; 2     ; Signed Integer                                                              ;
+----------------+-------+-----------------------------------------------------------------------------+
Note: In order to hide this table in the UI and the text report file, please set the "Show Parameter Settings in Synthesis Report" option in "Analysis and Synthesis Settings -> More Settings" to "Off".


+------------------------------------------------------------------------------------------------------+
; Parameter Settings for User Entity Instance: arm:arm_inst|controller:c|condlogic:cl|flopenr:flagreg0 ;
+----------------+-------+-----------------------------------------------------------------------------+
; Parameter Name ; Value ; Type                                                                        ;
+----------------+-------+-----------------------------------------------------------------------------+
; WIDTH          ; 2     ; Signed Integer                                                              ;
+----------------+-------+-----------------------------------------------------------------------------+
Note: In order to hide this table in the UI and the text report file, please set the "Show Parameter Settings in Synthesis Report" option in "Analysis and Synthesis Settings -> More Settings" to "Off".


+----------------------------------------------------------------------------------+
; Parameter Settings for User Entity Instance: arm:arm_inst|datapath:dp|mux2:pcmux ;
+----------------+-------+---------------------------------------------------------+
; Parameter Name ; Value ; Type                                                    ;
+----------------+-------+---------------------------------------------------------+
; WIDTH          ; 32    ; Signed Integer                                          ;
+----------------+-------+---------------------------------------------------------+
Note: In order to hide this table in the UI and the text report file, please set the "Show Parameter Settings in Synthesis Report" option in "Analysis and Synthesis Settings -> More Settings" to "Off".


+-----------------------------------------------------------------------------------+
; Parameter Settings for User Entity Instance: arm:arm_inst|datapath:dp|flopr:pcreg ;
+----------------+-------+----------------------------------------------------------+
; Parameter Name ; Value ; Type                                                     ;
+----------------+-------+----------------------------------------------------------+
; WIDTH          ; 32    ; Signed Integer                                           ;
+----------------+-------+----------------------------------------------------------+
Note: In order to hide this table in the UI and the text report file, please set the "Show Parameter Settings in Synthesis Report" option in "Analysis and Synthesis Settings -> More Settings" to "Off".


+------------------------------------------------------------------------------------+
; Parameter Settings for User Entity Instance: arm:arm_inst|datapath:dp|adder:pcadd1 ;
+----------------+-------+-----------------------------------------------------------+
; Parameter Name ; Value ; Type                                                      ;
+----------------+-------+-----------------------------------------------------------+
; WIDTH          ; 32    ; Signed Integer                                            ;
+----------------+-------+-----------------------------------------------------------+
Note: In order to hide this table in the UI and the text report file, please set the "Show Parameter Settings in Synthesis Report" option in "Analysis and Synthesis Settings -> More Settings" to "Off".


+------------------------------------------------------------------------------------+
; Parameter Settings for User Entity Instance: arm:arm_inst|datapath:dp|adder:pcadd2 ;
+----------------+-------+-----------------------------------------------------------+
; Parameter Name ; Value ; Type                                                      ;
+----------------+-------+-----------------------------------------------------------+
; WIDTH          ; 32    ; Signed Integer                                            ;
+----------------+-------+-----------------------------------------------------------+
Note: In order to hide this table in the UI and the text report file, please set the "Show Parameter Settings in Synthesis Report" option in "Analysis and Synthesis Settings -> More Settings" to "Off".


+--------------------------------------------------------------------------------------+
; Parameter Settings for User Entity Instance: arm:arm_inst|datapath:dp|mux2:ra1mux_dp ;
+----------------+-------+-------------------------------------------------------------+
; Parameter Name ; Value ; Type                                                        ;
+----------------+-------+-------------------------------------------------------------+
; WIDTH          ; 4     ; Signed Integer                                              ;
+----------------+-------+-------------------------------------------------------------+
Note: In order to hide this table in the UI and the text report file, please set the "Show Parameter Settings in Synthesis Report" option in "Analysis and Synthesis Settings -> More Settings" to "Off".


+--------------------------------------------------------------------------------------+
; Parameter Settings for User Entity Instance: arm:arm_inst|datapath:dp|mux2:ra2mux_dp ;
+----------------+-------+-------------------------------------------------------------+
; Parameter Name ; Value ; Type                                                        ;
+----------------+-------+-------------------------------------------------------------+
; WIDTH          ; 4     ; Signed Integer                                              ;
+----------------+-------+-------------------------------------------------------------+
Note: In order to hide this table in the UI and the text report file, please set the "Show Parameter Settings in Synthesis Report" option in "Analysis and Synthesis Settings -> More Settings" to "Off".


+-----------------------------------------------------------------------------------+
; Parameter Settings for User Entity Instance: arm:arm_inst|datapath:dp|mux2:resmux ;
+----------------+-------+----------------------------------------------------------+
; Parameter Name ; Value ; Type                                                     ;
+----------------+-------+----------------------------------------------------------+
; WIDTH          ; 32    ; Signed Integer                                           ;
+----------------+-------+----------------------------------------------------------+
Note: In order to hide this table in the UI and the text report file, please set the "Show Parameter Settings in Synthesis Report" option in "Analysis and Synthesis Settings -> More Settings" to "Off".


+------------------------------------------------------------------------------------+
; Parameter Settings for User Entity Instance: arm:arm_inst|datapath:dp|mux2:srcbmux ;
+----------------+-------+-----------------------------------------------------------+
; Parameter Name ; Value ; Type                                                      ;
+----------------+-------+-----------------------------------------------------------+
; WIDTH          ; 32    ; Signed Integer                                            ;
+----------------+-------+-----------------------------------------------------------+
Note: In order to hide this table in the UI and the text report file, please set the "Show Parameter Settings in Synthesis Report" option in "Analysis and Synthesis Settings -> More Settings" to "Off".


+--------------------------------------------------------------------------------+
; Parameter Settings for Inferred Entity Instance: ram:dmem|altsyncram:mem_rtl_0 ;
+------------------------------------+----------------------+--------------------+
; Parameter Name                     ; Value                ; Type               ;
+------------------------------------+----------------------+--------------------+
; BYTE_SIZE_BLOCK                    ; 8                    ; Untyped            ;
; AUTO_CARRY_CHAINS                  ; ON                   ; AUTO_CARRY         ;
; IGNORE_CARRY_BUFFERS               ; OFF                  ; IGNORE_CARRY       ;
; AUTO_CASCADE_CHAINS                ; ON                   ; AUTO_CASCADE       ;
; IGNORE_CASCADE_BUFFERS             ; OFF                  ; IGNORE_CASCADE     ;
; WIDTH_BYTEENA                      ; 1                    ; Untyped            ;
; OPERATION_MODE                     ; DUAL_PORT            ; Untyped            ;
; WIDTH_A                            ; 10                   ; Untyped            ;
; WIDTHAD_A                          ; 3                    ; Untyped            ;
; NUMWORDS_A                         ; 8                    ; Untyped            ;
; OUTDATA_REG_A                      ; UNREGISTERED         ; Untyped            ;
; ADDRESS_ACLR_A                     ; NONE                 ; Untyped            ;
; OUTDATA_ACLR_A                     ; NONE                 ; Untyped            ;
; WRCONTROL_ACLR_A                   ; NONE                 ; Untyped            ;
; INDATA_ACLR_A                      ; NONE                 ; Untyped            ;
; BYTEENA_ACLR_A                     ; NONE                 ; Untyped            ;
; WIDTH_B                            ; 10                   ; Untyped            ;
; WIDTHAD_B                          ; 3                    ; Untyped            ;
; NUMWORDS_B                         ; 8                    ; Untyped            ;
; INDATA_REG_B                       ; CLOCK1               ; Untyped            ;
; WRCONTROL_WRADDRESS_REG_B          ; CLOCK1               ; Untyped            ;
; RDCONTROL_REG_B                    ; CLOCK1               ; Untyped            ;
; ADDRESS_REG_B                      ; CLOCK0               ; Untyped            ;
; OUTDATA_REG_B                      ; UNREGISTERED         ; Untyped            ;
; BYTEENA_REG_B                      ; CLOCK1               ; Untyped            ;
; INDATA_ACLR_B                      ; NONE                 ; Untyped            ;
; WRCONTROL_ACLR_B                   ; NONE                 ; Untyped            ;
; ADDRESS_ACLR_B                     ; NONE                 ; Untyped            ;
; OUTDATA_ACLR_B                     ; NONE                 ; Untyped            ;
; RDCONTROL_ACLR_B                   ; NONE                 ; Untyped            ;
; BYTEENA_ACLR_B                     ; NONE                 ; Untyped            ;
; WIDTH_BYTEENA_A                    ; 1                    ; Untyped            ;
; WIDTH_BYTEENA_B                    ; 1                    ; Untyped            ;
; RAM_BLOCK_TYPE                     ; AUTO                 ; Untyped            ;
; BYTE_SIZE                          ; 8                    ; Untyped            ;
; READ_DURING_WRITE_MODE_MIXED_PORTS ; OLD_DATA             ; Untyped            ;
; READ_DURING_WRITE_MODE_PORT_A      ; NEW_DATA_NO_NBE_READ ; Untyped            ;
; READ_DURING_WRITE_MODE_PORT_B      ; NEW_DATA_NO_NBE_READ ; Untyped            ;
; INIT_FILE                          ; UNUSED               ; Untyped            ;
; INIT_FILE_LAYOUT                   ; PORT_A               ; Untyped            ;
; MAXIMUM_DEPTH                      ; 0                    ; Untyped            ;
; CLOCK_ENABLE_INPUT_A               ; NORMAL               ; Untyped            ;
; CLOCK_ENABLE_INPUT_B               ; NORMAL               ; Untyped            ;
; CLOCK_ENABLE_OUTPUT_A              ; NORMAL               ; Untyped            ;
; CLOCK_ENABLE_OUTPUT_B              ; NORMAL               ; Untyped            ;
; CLOCK_ENABLE_CORE_A                ; USE_INPUT_CLKEN      ; Untyped            ;
; CLOCK_ENABLE_CORE_B                ; USE_INPUT_CLKEN      ; Untyped            ;
; ENABLE_ECC                         ; FALSE                ; Untyped            ;
; ECC_PIPELINE_STAGE_ENABLED         ; FALSE                ; Untyped            ;
; WIDTH_ECCSTATUS                    ; 3                    ; Untyped            ;
; DEVICE_FAMILY                      ; Cyclone V            ; Untyped            ;
; CBXI_PARAMETER                     ; altsyncram_ovm1      ; Untyped            ;
+------------------------------------+----------------------+--------------------+
Note: In order to hide this table in the UI and the text report file, please set the "Show Parameter Settings in Synthesis Report" option in "Analysis and Synthesis Settings -> More Settings" to "Off".


+----------------------------------------------------------------------------------------+
; Parameter Settings for Inferred Entity Instance: videoGen_pong:u_video|lpm_divide:Div0 ;
+------------------------+----------------+----------------------------------------------+
; Parameter Name         ; Value          ; Type                                         ;
+------------------------+----------------+----------------------------------------------+
; LPM_WIDTHN             ; 32             ; Untyped                                      ;
; LPM_WIDTHD             ; 6              ; Untyped                                      ;
; LPM_NREPRESENTATION    ; SIGNED         ; Untyped                                      ;
; LPM_DREPRESENTATION    ; SIGNED         ; Untyped                                      ;
; LPM_PIPELINE           ; 0              ; Untyped                                      ;
; LPM_REMAINDERPOSITIVE  ; FALSE          ; Untyped                                      ;
; MAXIMIZE_SPEED         ; 5              ; Untyped                                      ;
; CBXI_PARAMETER         ; lpm_divide_cpo ; Untyped                                      ;
; CARRY_CHAIN            ; MANUAL         ; Untyped                                      ;
; OPTIMIZE_FOR_SPEED     ; 5              ; Untyped                                      ;
; AUTO_CARRY_CHAINS      ; ON             ; AUTO_CARRY                                   ;
; IGNORE_CARRY_BUFFERS   ; OFF            ; IGNORE_CARRY                                 ;
; AUTO_CASCADE_CHAINS    ; ON             ; AUTO_CASCADE                                 ;
; IGNORE_CASCADE_BUFFERS ; OFF            ; IGNORE_CASCADE                               ;
+------------------------+----------------+----------------------------------------------+
Note: In order to hide this table in the UI and the text report file, please set the "Show Parameter Settings in Synthesis Report" option in "Analysis and Synthesis Settings -> More Settings" to "Off".


+----------------------------------------------------------------------------------------+
; Parameter Settings for Inferred Entity Instance: videoGen_pong:u_video|lpm_divide:Div2 ;
+------------------------+----------------+----------------------------------------------+
; Parameter Name         ; Value          ; Type                                         ;
+------------------------+----------------+----------------------------------------------+
; LPM_WIDTHN             ; 32             ; Untyped                                      ;
; LPM_WIDTHD             ; 4              ; Untyped                                      ;
; LPM_NREPRESENTATION    ; SIGNED         ; Untyped                                      ;
; LPM_DREPRESENTATION    ; SIGNED         ; Untyped                                      ;
; LPM_PIPELINE           ; 0              ; Untyped                                      ;
; LPM_REMAINDERPOSITIVE  ; FALSE          ; Untyped                                      ;
; MAXIMIZE_SPEED         ; 5              ; Untyped                                      ;
; CBXI_PARAMETER         ; lpm_divide_apo ; Untyped                                      ;
; CARRY_CHAIN            ; MANUAL         ; Untyped                                      ;
; OPTIMIZE_FOR_SPEED     ; 5              ; Untyped                                      ;
; AUTO_CARRY_CHAINS      ; ON             ; AUTO_CARRY                                   ;
; IGNORE_CARRY_BUFFERS   ; OFF            ; IGNORE_CARRY                                 ;
; AUTO_CASCADE_CHAINS    ; ON             ; AUTO_CASCADE                                 ;
; IGNORE_CASCADE_BUFFERS ; OFF            ; IGNORE_CASCADE                               ;
+------------------------+----------------+----------------------------------------------+
Note: In order to hide this table in the UI and the text report file, please set the "Show Parameter Settings in Synthesis Report" option in "Analysis and Synthesis Settings -> More Settings" to "Off".


+----------------------------------------------------------------------------------------+
; Parameter Settings for Inferred Entity Instance: videoGen_pong:u_video|lpm_divide:Div1 ;
+------------------------+----------------+----------------------------------------------+
; Parameter Name         ; Value          ; Type                                         ;
+------------------------+----------------+----------------------------------------------+
; LPM_WIDTHN             ; 32             ; Untyped                                      ;
; LPM_WIDTHD             ; 4              ; Untyped                                      ;
; LPM_NREPRESENTATION    ; SIGNED         ; Untyped                                      ;
; LPM_DREPRESENTATION    ; SIGNED         ; Untyped                                      ;
; LPM_PIPELINE           ; 0              ; Untyped                                      ;
; LPM_REMAINDERPOSITIVE  ; FALSE          ; Untyped                                      ;
; MAXIMIZE_SPEED         ; 5              ; Untyped                                      ;
; CBXI_PARAMETER         ; lpm_divide_apo ; Untyped                                      ;
; CARRY_CHAIN            ; MANUAL         ; Untyped                                      ;
; OPTIMIZE_FOR_SPEED     ; 5              ; Untyped                                      ;
; AUTO_CARRY_CHAINS      ; ON             ; AUTO_CARRY                                   ;
; IGNORE_CARRY_BUFFERS   ; OFF            ; IGNORE_CARRY                                 ;
; AUTO_CASCADE_CHAINS    ; ON             ; AUTO_CASCADE                                 ;
; IGNORE_CASCADE_BUFFERS ; OFF            ; IGNORE_CASCADE                               ;
+------------------------+----------------+----------------------------------------------+
Note: In order to hide this table in the UI and the text report file, please set the "Show Parameter Settings in Synthesis Report" option in "Analysis and Synthesis Settings -> More Settings" to "Off".


+----------------------------------------------------------------------------------------+
; Parameter Settings for Inferred Entity Instance: videoGen_pong:u_video|lpm_divide:Mod0 ;
+------------------------+----------------+----------------------------------------------+
; Parameter Name         ; Value          ; Type                                         ;
+------------------------+----------------+----------------------------------------------+
; LPM_WIDTHN             ; 10             ; Untyped                                      ;
; LPM_WIDTHD             ; 5              ; Untyped                                      ;
; LPM_NREPRESENTATION    ; UNSIGNED       ; Untyped                                      ;
; LPM_DREPRESENTATION    ; UNSIGNED       ; Untyped                                      ;
; LPM_PIPELINE           ; 0              ; Untyped                                      ;
; LPM_REMAINDERPOSITIVE  ; TRUE           ; Untyped                                      ;
; MAXIMIZE_SPEED         ; 5              ; Untyped                                      ;
; CBXI_PARAMETER         ; lpm_divide_i3m ; Untyped                                      ;
; CARRY_CHAIN            ; MANUAL         ; Untyped                                      ;
; OPTIMIZE_FOR_SPEED     ; 5              ; Untyped                                      ;
; AUTO_CARRY_CHAINS      ; ON             ; AUTO_CARRY                                   ;
; IGNORE_CARRY_BUFFERS   ; OFF            ; IGNORE_CARRY                                 ;
; AUTO_CASCADE_CHAINS    ; ON             ; AUTO_CASCADE                                 ;
; IGNORE_CASCADE_BUFFERS ; OFF            ; IGNORE_CASCADE                               ;
+------------------------+----------------+----------------------------------------------+
Note: In order to hide this table in the UI and the text report file, please set the "Show Parameter Settings in Synthesis Report" option in "Analysis and Synthesis Settings -> More Settings" to "Off".


+------------------------------------------------------------------+
; Parameter Settings for Inferred Entity Instance: lpm_divide:Mod0 ;
+------------------------+----------------+------------------------+
; Parameter Name         ; Value          ; Type                   ;
+------------------------+----------------+------------------------+
; LPM_WIDTHN             ; 7              ; Untyped                ;
; LPM_WIDTHD             ; 4              ; Untyped                ;
; LPM_NREPRESENTATION    ; UNSIGNED       ; Untyped                ;
; LPM_DREPRESENTATION    ; UNSIGNED       ; Untyped                ;
; LPM_PIPELINE           ; 0              ; Untyped                ;
; LPM_REMAINDERPOSITIVE  ; TRUE           ; Untyped                ;
; MAXIMIZE_SPEED         ; 5              ; Untyped                ;
; CBXI_PARAMETER         ; lpm_divide_72m ; Untyped                ;
; CARRY_CHAIN            ; MANUAL         ; Untyped                ;
; OPTIMIZE_FOR_SPEED     ; 5              ; Untyped                ;
; AUTO_CARRY_CHAINS      ; ON             ; AUTO_CARRY             ;
; IGNORE_CARRY_BUFFERS   ; OFF            ; IGNORE_CARRY           ;
; AUTO_CASCADE_CHAINS    ; ON             ; AUTO_CASCADE           ;
; IGNORE_CASCADE_BUFFERS ; OFF            ; IGNORE_CASCADE         ;
+------------------------+----------------+------------------------+
Note: In order to hide this table in the UI and the text report file, please set the "Show Parameter Settings in Synthesis Report" option in "Analysis and Synthesis Settings -> More Settings" to "Off".


+------------------------------------------------------------------+
; Parameter Settings for Inferred Entity Instance: lpm_divide:Div0 ;
+------------------------+----------------+------------------------+
; Parameter Name         ; Value          ; Type                   ;
+------------------------+----------------+------------------------+
; LPM_WIDTHN             ; 7              ; Untyped                ;
; LPM_WIDTHD             ; 4              ; Untyped                ;
; LPM_NREPRESENTATION    ; UNSIGNED       ; Untyped                ;
; LPM_DREPRESENTATION    ; UNSIGNED       ; Untyped                ;
; LPM_PIPELINE           ; 0              ; Untyped                ;
; LPM_REMAINDERPOSITIVE  ; TRUE           ; Untyped                ;
; MAXIMIZE_SPEED         ; 5              ; Untyped                ;
; CBXI_PARAMETER         ; lpm_divide_4am ; Untyped                ;
; CARRY_CHAIN            ; MANUAL         ; Untyped                ;
; OPTIMIZE_FOR_SPEED     ; 5              ; Untyped                ;
; AUTO_CARRY_CHAINS      ; ON             ; AUTO_CARRY             ;
; IGNORE_CARRY_BUFFERS   ; OFF            ; IGNORE_CARRY           ;
; AUTO_CASCADE_CHAINS    ; ON             ; AUTO_CASCADE           ;
; IGNORE_CASCADE_BUFFERS ; OFF            ; IGNORE_CASCADE         ;
+------------------------+----------------+------------------------+
Note: In order to hide this table in the UI and the text report file, please set the "Show Parameter Settings in Synthesis Report" option in "Analysis and Synthesis Settings -> More Settings" to "Off".


+------------------------------------------------------------------+
; Parameter Settings for Inferred Entity Instance: lpm_divide:Mod1 ;
+------------------------+----------------+------------------------+
; Parameter Name         ; Value          ; Type                   ;
+------------------------+----------------+------------------------+
; LPM_WIDTHN             ; 7              ; Untyped                ;
; LPM_WIDTHD             ; 4              ; Untyped                ;
; LPM_NREPRESENTATION    ; UNSIGNED       ; Untyped                ;
; LPM_DREPRESENTATION    ; UNSIGNED       ; Untyped                ;
; LPM_PIPELINE           ; 0              ; Untyped                ;
; LPM_REMAINDERPOSITIVE  ; TRUE           ; Untyped                ;
; MAXIMIZE_SPEED         ; 5              ; Untyped                ;
; CBXI_PARAMETER         ; lpm_divide_72m ; Untyped                ;
; CARRY_CHAIN            ; MANUAL         ; Untyped                ;
; OPTIMIZE_FOR_SPEED     ; 5              ; Untyped                ;
; AUTO_CARRY_CHAINS      ; ON             ; AUTO_CARRY             ;
; IGNORE_CARRY_BUFFERS   ; OFF            ; IGNORE_CARRY           ;
; AUTO_CASCADE_CHAINS    ; ON             ; AUTO_CASCADE           ;
; IGNORE_CASCADE_BUFFERS ; OFF            ; IGNORE_CASCADE         ;
+------------------------+----------------+------------------------+
Note: In order to hide this table in the UI and the text report file, please set the "Show Parameter Settings in Synthesis Report" option in "Analysis and Synthesis Settings -> More Settings" to "Off".


+------------------------------------------------------------------+
; Parameter Settings for Inferred Entity Instance: lpm_divide:Div1 ;
+------------------------+----------------+------------------------+
; Parameter Name         ; Value          ; Type                   ;
+------------------------+----------------+------------------------+
; LPM_WIDTHN             ; 7              ; Untyped                ;
; LPM_WIDTHD             ; 4              ; Untyped                ;
; LPM_NREPRESENTATION    ; UNSIGNED       ; Untyped                ;
; LPM_DREPRESENTATION    ; UNSIGNED       ; Untyped                ;
; LPM_PIPELINE           ; 0              ; Untyped                ;
; LPM_REMAINDERPOSITIVE  ; TRUE           ; Untyped                ;
; MAXIMIZE_SPEED         ; 5              ; Untyped                ;
; CBXI_PARAMETER         ; lpm_divide_4am ; Untyped                ;
; CARRY_CHAIN            ; MANUAL         ; Untyped                ;
; OPTIMIZE_FOR_SPEED     ; 5              ; Untyped                ;
; AUTO_CARRY_CHAINS      ; ON             ; AUTO_CARRY             ;
; IGNORE_CARRY_BUFFERS   ; OFF            ; IGNORE_CARRY           ;
; AUTO_CASCADE_CHAINS    ; ON             ; AUTO_CASCADE           ;
; IGNORE_CASCADE_BUFFERS ; OFF            ; IGNORE_CASCADE         ;
+------------------------+----------------+------------------------+
Note: In order to hide this table in the UI and the text report file, please set the "Show Parameter Settings in Synthesis Report" option in "Analysis and Synthesis Settings -> More Settings" to "Off".


+---------------------------------------------------------------------------+
; altsyncram Parameter Settings by Entity Instance                          ;
+-------------------------------------------+-------------------------------+
; Name                                      ; Value                         ;
+-------------------------------------------+-------------------------------+
; Number of entity instances                ; 1                             ;
; Entity Instance                           ; ram:dmem|altsyncram:mem_rtl_0 ;
;     -- OPERATION_MODE                     ; DUAL_PORT                     ;
;     -- WIDTH_A                            ; 10                            ;
;     -- NUMWORDS_A                         ; 8                             ;
;     -- OUTDATA_REG_A                      ; UNREGISTERED                  ;
;     -- WIDTH_B                            ; 10                            ;
;     -- NUMWORDS_B                         ; 8                             ;
;     -- ADDRESS_REG_B                      ; CLOCK0                        ;
;     -- OUTDATA_REG_B                      ; UNREGISTERED                  ;
;     -- RAM_BLOCK_TYPE                     ; AUTO                          ;
;     -- READ_DURING_WRITE_MODE_MIXED_PORTS ; OLD_DATA                      ;
+-------------------------------------------+-------------------------------+


+------------------------------------------+
; Port Connectivity Checks: "ram:dmem"     ;
+--------+-------+----------+--------------+
; Port   ; Type  ; Severity ; Details      ;
+--------+-------+----------+--------------+
; data_b ; Input ; Info     ; Stuck at GND ;
; wren_b ; Input ; Info     ; Stuck at GND ;
+--------+-------+----------+--------------+


+---------------------------------------------------------------------+
; Port Connectivity Checks: "arm:arm_inst|datapath:dp|mux2:ra1mux_dp" ;
+------+-------+----------+-------------------------------------------+
; Port ; Type  ; Severity ; Details                                   ;
+------+-------+----------+-------------------------------------------+
; d1   ; Input ; Info     ; Stuck at VCC                              ;
+------+-------+----------+-------------------------------------------+


+-------------------------------------------------------------------+
; Port Connectivity Checks: "arm:arm_inst|datapath:dp|adder:pcadd2" ;
+----------+-------+----------+-------------------------------------+
; Port     ; Type  ; Severity ; Details                             ;
+----------+-------+----------+-------------------------------------+
; b[31..3] ; Input ; Info     ; Stuck at GND                        ;
; b[1..0]  ; Input ; Info     ; Stuck at GND                        ;
; b[2]     ; Input ; Info     ; Stuck at VCC                        ;
+----------+-------+----------+-------------------------------------+


+-------------------------------------------------------------------+
; Port Connectivity Checks: "arm:arm_inst|datapath:dp|adder:pcadd1" ;
+----------+-------+----------+-------------------------------------+
; Port     ; Type  ; Severity ; Details                             ;
+----------+-------+----------+-------------------------------------+
; b[31..3] ; Input ; Info     ; Stuck at GND                        ;
; b[1..0]  ; Input ; Info     ; Stuck at GND                        ;
; b[2]     ; Input ; Info     ; Stuck at VCC                        ;
+----------+-------+----------+-------------------------------------+


+----------------------------------------------------------------------------------------------------------------------------+
; Port Connectivity Checks: "arm:arm_inst"                                                                                   ;
+------------------+--------+----------+-------------------------------------------------------------------------------------+
; Port             ; Type   ; Severity ; Details                                                                             ;
+------------------+--------+----------+-------------------------------------------------------------------------------------+
; PC[31..10]       ; Output ; Info     ; Connected to dangling logic. Logic that only feeds a dangling port will be removed. ;
; PC[1..0]         ; Output ; Info     ; Connected to dangling logic. Logic that only feeds a dangling port will be removed. ;
; ALUResult[31..5] ; Output ; Info     ; Connected to dangling logic. Logic that only feeds a dangling port will be removed. ;
; ALUResult[1..0]  ; Output ; Info     ; Connected to dangling logic. Logic that only feeds a dangling port will be removed. ;
; ALUFlags         ; Output ; Info     ; Connected to dangling logic. Logic that only feeds a dangling port will be removed. ;
; RegWrite         ; Output ; Info     ; Connected to dangling logic. Logic that only feeds a dangling port will be removed. ;
; ALUSrc           ; Output ; Info     ; Connected to dangling logic. Logic that only feeds a dangling port will be removed. ;
; MemtoReg         ; Output ; Info     ; Connected to dangling logic. Logic that only feeds a dangling port will be removed. ;
; PCSrc            ; Output ; Info     ; Connected to dangling logic. Logic that only feeds a dangling port will be removed. ;
; ALUControl       ; Output ; Info     ; Connected to dangling logic. Logic that only feeds a dangling port will be removed. ;
; RegSrc           ; Output ; Info     ; Connected to dangling logic. Logic that only feeds a dangling port will be removed. ;
; ImmSrc           ; Output ; Info     ; Connected to dangling logic. Logic that only feeds a dangling port will be removed. ;
+------------------+--------+----------+-------------------------------------------------------------------------------------+


+-----------------------------------------------------+
; Post-Synthesis Netlist Statistics for Top Partition ;
+-----------------------+-----------------------------+
; Type                  ; Count                       ;
+-----------------------+-----------------------------+
; arriav_ff             ; 945                         ;
;     CLR               ; 30                          ;
;     CLR SCLR          ; 8                           ;
;     CLR SLD           ; 30                          ;
;     ENA               ; 266                         ;
;     ENA CLR           ; 79                          ;
;     ENA CLR SCLR      ; 17                          ;
;     ENA CLR SLD       ; 480                         ;
;     ENA SCLR          ; 10                          ;
;     SCLR              ; 10                          ;
;     plain             ; 15                          ;
; arriav_lcell_comb     ; 2923                        ;
;     arith             ; 810                         ;
;         0 data inputs ; 148                         ;
;         1 data inputs ; 211                         ;
;         2 data inputs ; 86                          ;
;         3 data inputs ; 190                         ;
;         4 data inputs ; 148                         ;
;         5 data inputs ; 27                          ;
;     extend            ; 33                          ;
;         7 data inputs ; 33                          ;
;     normal            ; 2007                        ;
;         1 data inputs ; 6                           ;
;         2 data inputs ; 323                         ;
;         3 data inputs ; 189                         ;
;         4 data inputs ; 209                         ;
;         5 data inputs ; 424                         ;
;         6 data inputs ; 856                         ;
;     shared            ; 73                          ;
;         0 data inputs ; 12                          ;
;         1 data inputs ; 34                          ;
;         2 data inputs ; 25                          ;
;         4 data inputs ; 2                           ;
; arriav_mac            ; 2                           ;
; boundary_port         ; 61                          ;
; stratixv_ram_block    ; 10                          ;
;                       ;                             ;
; Max LUT depth         ; 80.30                       ;
; Average LUT depth     ; 28.40                       ;
+-----------------------+-----------------------------+


+-------------------------------+
; Elapsed Time Per Partition    ;
+----------------+--------------+
; Partition Name ; Elapsed Time ;
+----------------+--------------+
; Top            ; 00:00:07     ;
+----------------+--------------+


+-------------------------------+
; Analysis & Synthesis Messages ;
+-------------------------------+
Info: *******************************************************************
Info: Running Quartus Prime Analysis & Synthesis
    Info: Version 20.1.0 Build 711 06/05/2020 SJ Lite Edition
    Info: Processing started: Mon Dec 01 02:37:29 2025
Info: Command: quartus_map --read_settings_files=on --write_settings_files=off ProyectoFinal -c ProyectoFinal
Warning (18236): Number of processors has not been specified which may cause overloading on shared machines.  Set the global assignment NUM_PARALLEL_PROCESSORS in your QSF to an appropriate value for best performance.
Info (20030): Parallel compilation is enabled and will use 8 of the 8 processors detected
Info (12021): Found 1 design units, including 1 entities, in source file alu.sv
    Info (12023): Found entity 1: alu File: C:/Users/melis/Documents/github/avasquez_dgarro_digital_design_lab_2025/ProyectoFinal/alu.sv Line: 1
Info (12021): Found 1 design units, including 1 entities, in source file arm.sv
    Info (12023): Found entity 1: arm File: C:/Users/melis/Documents/github/avasquez_dgarro_digital_design_lab_2025/ProyectoFinal/arm.sv Line: 1
Info (12021): Found 1 design units, including 1 entities, in source file condcheck.sv
    Info (12023): Found entity 1: condcheck File: C:/Users/melis/Documents/github/avasquez_dgarro_digital_design_lab_2025/ProyectoFinal/condcheck.sv Line: 1
Info (12021): Found 1 design units, including 1 entities, in source file condlogic.sv
    Info (12023): Found entity 1: condlogic File: C:/Users/melis/Documents/github/avasquez_dgarro_digital_design_lab_2025/ProyectoFinal/condlogic.sv Line: 1
Info (12021): Found 1 design units, including 1 entities, in source file controller.sv
    Info (12023): Found entity 1: controller File: C:/Users/melis/Documents/github/avasquez_dgarro_digital_design_lab_2025/ProyectoFinal/controller.sv Line: 1
Info (12021): Found 1 design units, including 1 entities, in source file datapath.sv
    Info (12023): Found entity 1: datapath File: C:/Users/melis/Documents/github/avasquez_dgarro_digital_design_lab_2025/ProyectoFinal/datapath.sv Line: 1
Info (12021): Found 1 design units, including 1 entities, in source file decoder.sv
    Info (12023): Found entity 1: decoder File: C:/Users/melis/Documents/github/avasquez_dgarro_digital_design_lab_2025/ProyectoFinal/decoder.sv Line: 1
Warning (10229): Verilog HDL Expression warning at extend.sv(34): truncated literal to match 5 bits File: C:/Users/melis/Documents/github/avasquez_dgarro_digital_design_lab_2025/ProyectoFinal/extend.sv Line: 34
Info (12021): Found 1 design units, including 1 entities, in source file extend.sv
    Info (12023): Found entity 1: extend File: C:/Users/melis/Documents/github/avasquez_dgarro_digital_design_lab_2025/ProyectoFinal/extend.sv Line: 1
Info (12021): Found 1 design units, including 1 entities, in source file flopenr.sv
    Info (12023): Found entity 1: flopenr File: C:/Users/melis/Documents/github/avasquez_dgarro_digital_design_lab_2025/ProyectoFinal/flopenr.sv Line: 1
Info (12021): Found 1 design units, including 1 entities, in source file flopr.sv
    Info (12023): Found entity 1: flopr File: C:/Users/melis/Documents/github/avasquez_dgarro_digital_design_lab_2025/ProyectoFinal/flopr.sv Line: 1
Info (12021): Found 1 design units, including 1 entities, in source file mux2.sv
    Info (12023): Found entity 1: mux2 File: C:/Users/melis/Documents/github/avasquez_dgarro_digital_design_lab_2025/ProyectoFinal/mux2.sv Line: 1
Info (12021): Found 1 design units, including 1 entities, in source file regfile.sv
    Info (12023): Found entity 1: regfile File: C:/Users/melis/Documents/github/avasquez_dgarro_digital_design_lab_2025/ProyectoFinal/regfile.sv Line: 1
Info (12021): Found 1 design units, including 1 entities, in source file top.sv
    Info (12023): Found entity 1: top File: C:/Users/melis/Documents/github/avasquez_dgarro_digital_design_lab_2025/ProyectoFinal/top.sv Line: 1
Info (12021): Found 1 design units, including 1 entities, in source file top_tb.sv
    Info (12023): Found entity 1: top_tb File: C:/Users/melis/Documents/github/avasquez_dgarro_digital_design_lab_2025/ProyectoFinal/top_tb.sv Line: 3
Info (12021): Found 1 design units, including 1 entities, in source file adder.sv
    Info (12023): Found entity 1: adder File: C:/Users/melis/Documents/github/avasquez_dgarro_digital_design_lab_2025/ProyectoFinal/adder.sv Line: 1
Info (12021): Found 1 design units, including 1 entities, in source file rom_i.sv
    Info (12023): Found entity 1: rom_i File: C:/Users/melis/Documents/github/avasquez_dgarro_digital_design_lab_2025/ProyectoFinal/rom_i.sv Line: 1
Info (12021): Found 1 design units, including 1 entities, in source file ps2_test_top.sv
    Info (12023): Found entity 1: ps2_test_top File: C:/Users/melis/Documents/github/avasquez_dgarro_digital_design_lab_2025/ProyectoFinal/ps2_test_top.sv Line: 1
Info (12021): Found 1 design units, including 1 entities, in source file ps2.sv
    Info (12023): Found entity 1: ps2 File: C:/Users/melis/Documents/github/avasquez_dgarro_digital_design_lab_2025/ProyectoFinal/ps2.sv Line: 1
Info (12021): Found 1 design units, including 1 entities, in source file deb.sv
    Info (12023): Found entity 1: deb File: C:/Users/melis/Documents/github/avasquez_dgarro_digital_design_lab_2025/ProyectoFinal/deb.sv Line: 1
Info (12021): Found 1 design units, including 1 entities, in source file hex.sv
    Info (12023): Found entity 1: hex File: C:/Users/melis/Documents/github/avasquez_dgarro_digital_design_lab_2025/ProyectoFinal/hex.sv Line: 1
Info (12021): Found 1 design units, including 1 entities, in source file pll.sv
    Info (12023): Found entity 1: pll File: C:/Users/melis/Documents/github/avasquez_dgarro_digital_design_lab_2025/ProyectoFinal/pll.sv Line: 1
Info (12021): Found 1 design units, including 1 entities, in source file vgacontroller.sv
    Info (12023): Found entity 1: vgaController File: C:/Users/melis/Documents/github/avasquez_dgarro_digital_design_lab_2025/ProyectoFinal/vgaController.sv Line: 1
Info (12021): Found 1 design units, including 1 entities, in source file seven_segment_display.sv
    Info (12023): Found entity 1: seven_segment_display File: C:/Users/melis/Documents/github/avasquez_dgarro_digital_design_lab_2025/ProyectoFinal/seven_segment_display.sv Line: 1
Info (12021): Found 1 design units, including 1 entities, in source file videogen_pong.sv
    Info (12023): Found entity 1: videoGen_pong File: C:/Users/melis/Documents/github/avasquez_dgarro_digital_design_lab_2025/ProyectoFinal/videoGen_pong.sv Line: 1
Info (12021): Found 1 design units, including 1 entities, in source file ram2vga_bridge.sv
    Info (12023): Found entity 1: ram2vga_bridge File: C:/Users/melis/Documents/github/avasquez_dgarro_digital_design_lab_2025/ProyectoFinal/ram2vga_bridge.sv Line: 1
Info (12021): Found 1 design units, including 1 entities, in source file ram.sv
    Info (12023): Found entity 1: ram File: C:/Users/melis/Documents/github/avasquez_dgarro_digital_design_lab_2025/ProyectoFinal/ram.sv Line: 1
Info (12021): Found 1 design units, including 1 entities, in source file key_mapper.sv
    Info (12023): Found entity 1: key_mapper File: C:/Users/melis/Documents/github/avasquez_dgarro_digital_design_lab_2025/ProyectoFinal/key_mapper.sv Line: 1
Info (12021): Found 1 design units, including 1 entities, in source file shifter.sv
    Info (12023): Found entity 1: shifter File: C:/Users/melis/Documents/github/avasquez_dgarro_digital_design_lab_2025/ProyectoFinal/shifter.sv Line: 1
Info (12127): Elaborating entity "top" for the top level hierarchy
Warning (10230): Verilog HDL assignment warning at top.sv(186): truncated value with size 32 to match size of target (4) File: C:/Users/melis/Documents/github/avasquez_dgarro_digital_design_lab_2025/ProyectoFinal/top.sv Line: 186
Warning (10230): Verilog HDL assignment warning at top.sv(187): truncated value with size 32 to match size of target (4) File: C:/Users/melis/Documents/github/avasquez_dgarro_digital_design_lab_2025/ProyectoFinal/top.sv Line: 187
Warning (10230): Verilog HDL assignment warning at top.sv(195): truncated value with size 32 to match size of target (4) File: C:/Users/melis/Documents/github/avasquez_dgarro_digital_design_lab_2025/ProyectoFinal/top.sv Line: 195
Warning (10230): Verilog HDL assignment warning at top.sv(196): truncated value with size 32 to match size of target (4) File: C:/Users/melis/Documents/github/avasquez_dgarro_digital_design_lab_2025/ProyectoFinal/top.sv Line: 196
Info (12128): Elaborating entity "arm" for hierarchy "arm:arm_inst" File: C:/Users/melis/Documents/github/avasquez_dgarro_digital_design_lab_2025/ProyectoFinal/top.sv Line: 59
Info (12128): Elaborating entity "controller" for hierarchy "arm:arm_inst|controller:c" File: C:/Users/melis/Documents/github/avasquez_dgarro_digital_design_lab_2025/ProyectoFinal/arm.sv Line: 26
Info (12128): Elaborating entity "decoder" for hierarchy "arm:arm_inst|controller:c|decoder:dec" File: C:/Users/melis/Documents/github/avasquez_dgarro_digital_design_lab_2025/ProyectoFinal/controller.sv Line: 20
Info (12128): Elaborating entity "condlogic" for hierarchy "arm:arm_inst|controller:c|condlogic:cl" File: C:/Users/melis/Documents/github/avasquez_dgarro_digital_design_lab_2025/ProyectoFinal/controller.sv Line: 24
Info (12128): Elaborating entity "flopenr" for hierarchy "arm:arm_inst|controller:c|condlogic:cl|flopenr:flagreg1" File: C:/Users/melis/Documents/github/avasquez_dgarro_digital_design_lab_2025/ProyectoFinal/condlogic.sv Line: 14
Info (12128): Elaborating entity "condcheck" for hierarchy "arm:arm_inst|controller:c|condlogic:cl|condcheck:cc" File: C:/Users/melis/Documents/github/avasquez_dgarro_digital_design_lab_2025/ProyectoFinal/condlogic.sv Line: 20
Info (12128): Elaborating entity "datapath" for hierarchy "arm:arm_inst|datapath:dp" File: C:/Users/melis/Documents/github/avasquez_dgarro_digital_design_lab_2025/ProyectoFinal/arm.sv Line: 32
Info (12128): Elaborating entity "mux2" for hierarchy "arm:arm_inst|datapath:dp|mux2:pcmux" File: C:/Users/melis/Documents/github/avasquez_dgarro_digital_design_lab_2025/ProyectoFinal/datapath.sv Line: 39
Info (12128): Elaborating entity "flopr" for hierarchy "arm:arm_inst|datapath:dp|flopr:pcreg" File: C:/Users/melis/Documents/github/avasquez_dgarro_digital_design_lab_2025/ProyectoFinal/datapath.sv Line: 40
Info (12128): Elaborating entity "adder" for hierarchy "arm:arm_inst|datapath:dp|adder:pcadd1" File: C:/Users/melis/Documents/github/avasquez_dgarro_digital_design_lab_2025/ProyectoFinal/datapath.sv Line: 41
Info (12128): Elaborating entity "mux2" for hierarchy "arm:arm_inst|datapath:dp|mux2:ra1mux_dp" File: C:/Users/melis/Documents/github/avasquez_dgarro_digital_design_lab_2025/ProyectoFinal/datapath.sv Line: 45
Info (12128): Elaborating entity "regfile" for hierarchy "arm:arm_inst|datapath:dp|regfile:rf" File: C:/Users/melis/Documents/github/avasquez_dgarro_digital_design_lab_2025/ProyectoFinal/datapath.sv Line: 98
Info (12128): Elaborating entity "extend" for hierarchy "arm:arm_inst|datapath:dp|extend:ext" File: C:/Users/melis/Documents/github/avasquez_dgarro_digital_design_lab_2025/ProyectoFinal/datapath.sv Line: 102
Info (12128): Elaborating entity "shifter" for hierarchy "arm:arm_inst|datapath:dp|shifter:sh" File: C:/Users/melis/Documents/github/avasquez_dgarro_digital_design_lab_2025/ProyectoFinal/datapath.sv Line: 120
Info (12128): Elaborating entity "alu" for hierarchy "arm:arm_inst|datapath:dp|alu:alu" File: C:/Users/melis/Documents/github/avasquez_dgarro_digital_design_lab_2025/ProyectoFinal/datapath.sv Line: 148
Info (12128): Elaborating entity "rom_i" for hierarchy "rom_i:imem" File: C:/Users/melis/Documents/github/avasquez_dgarro_digital_design_lab_2025/ProyectoFinal/top.sv Line: 65
Warning (10850): Verilog HDL warning at rom_i.sv(12): number of words (172) in memory file does not match the number of elements in the address range [0:255] File: C:/Users/melis/Documents/github/avasquez_dgarro_digital_design_lab_2025/ProyectoFinal/rom_i.sv Line: 12
Warning (10030): Net "mem.data_a" at rom_i.sv(8) has no driver or initial value, using a default initial value '0' File: C:/Users/melis/Documents/github/avasquez_dgarro_digital_design_lab_2025/ProyectoFinal/rom_i.sv Line: 8
Warning (10030): Net "mem.waddr_a" at rom_i.sv(8) has no driver or initial value, using a default initial value '0' File: C:/Users/melis/Documents/github/avasquez_dgarro_digital_design_lab_2025/ProyectoFinal/rom_i.sv Line: 8
Warning (10030): Net "mem.we_a" at rom_i.sv(8) has no driver or initial value, using a default initial value '0' File: C:/Users/melis/Documents/github/avasquez_dgarro_digital_design_lab_2025/ProyectoFinal/rom_i.sv Line: 8
Info (12128): Elaborating entity "ram" for hierarchy "ram:dmem" File: C:/Users/melis/Documents/github/avasquez_dgarro_digital_design_lab_2025/ProyectoFinal/top.sv Line: 85
Warning (10027): Verilog HDL or VHDL warning at the ram.sv(31): index expression is not wide enough to address all of the elements in the array File: C:/Users/melis/Documents/github/avasquez_dgarro_digital_design_lab_2025/ProyectoFinal/ram.sv Line: 31
Warning (10027): Verilog HDL or VHDL warning at the ram.sv(32): index expression is not wide enough to address all of the elements in the array File: C:/Users/melis/Documents/github/avasquez_dgarro_digital_design_lab_2025/ProyectoFinal/ram.sv Line: 32
Info (12128): Elaborating entity "pll" for hierarchy "pll:vgapll" File: C:/Users/melis/Documents/github/avasquez_dgarro_digital_design_lab_2025/ProyectoFinal/top.sv Line: 89
Info (12128): Elaborating entity "vgaController" for hierarchy "vgaController:vgaCont" File: C:/Users/melis/Documents/github/avasquez_dgarro_digital_design_lab_2025/ProyectoFinal/top.sv Line: 96
Warning (10230): Verilog HDL assignment warning at vgaController.sv(22): truncated value with size 32 to match size of target (10) File: C:/Users/melis/Documents/github/avasquez_dgarro_digital_design_lab_2025/ProyectoFinal/vgaController.sv Line: 22
Warning (10230): Verilog HDL assignment warning at vgaController.sv(24): truncated value with size 32 to match size of target (10) File: C:/Users/melis/Documents/github/avasquez_dgarro_digital_design_lab_2025/ProyectoFinal/vgaController.sv Line: 24
Info (12128): Elaborating entity "ps2" for hierarchy "ps2:kb_inst" File: C:/Users/melis/Documents/github/avasquez_dgarro_digital_design_lab_2025/ProyectoFinal/top.sv Line: 108
Info (12128): Elaborating entity "deb" for hierarchy "ps2:kb_inst|deb:deb0" File: C:/Users/melis/Documents/github/avasquez_dgarro_digital_design_lab_2025/ProyectoFinal/ps2.sv Line: 28
Info (12128): Elaborating entity "key_mapper" for hierarchy "key_mapper:keymap_inst" File: C:/Users/melis/Documents/github/avasquez_dgarro_digital_design_lab_2025/ProyectoFinal/top.sv Line: 116
Info (12128): Elaborating entity "ram2vga_bridge" for hierarchy "ram2vga_bridge:u_bridge" File: C:/Users/melis/Documents/github/avasquez_dgarro_digital_design_lab_2025/ProyectoFinal/top.sv Line: 158
Info (12128): Elaborating entity "videoGen_pong" for hierarchy "videoGen_pong:u_video" File: C:/Users/melis/Documents/github/avasquez_dgarro_digital_design_lab_2025/ProyectoFinal/top.sv Line: 175
Warning (10230): Verilog HDL assignment warning at videoGen_pong.sv(55): truncated value with size 32 to match size of target (10) File: C:/Users/melis/Documents/github/avasquez_dgarro_digital_design_lab_2025/ProyectoFinal/videoGen_pong.sv Line: 55
Warning (10762): Verilog HDL Case Statement warning at videoGen_pong.sv(78): can't check case statement for completeness because the case expression has too many possible states File: C:/Users/melis/Documents/github/avasquez_dgarro_digital_design_lab_2025/ProyectoFinal/videoGen_pong.sv Line: 78
Warning (10762): Verilog HDL Case Statement warning at videoGen_pong.sv(86): can't check case statement for completeness because the case expression has too many possible states File: C:/Users/melis/Documents/github/avasquez_dgarro_digital_design_lab_2025/ProyectoFinal/videoGen_pong.sv Line: 86
Warning (10762): Verilog HDL Case Statement warning at videoGen_pong.sv(94): can't check case statement for completeness because the case expression has too many possible states File: C:/Users/melis/Documents/github/avasquez_dgarro_digital_design_lab_2025/ProyectoFinal/videoGen_pong.sv Line: 94
Warning (10762): Verilog HDL Case Statement warning at videoGen_pong.sv(102): can't check case statement for completeness because the case expression has too many possible states File: C:/Users/melis/Documents/github/avasquez_dgarro_digital_design_lab_2025/ProyectoFinal/videoGen_pong.sv Line: 102
Warning (10762): Verilog HDL Case Statement warning at videoGen_pong.sv(110): can't check case statement for completeness because the case expression has too many possible states File: C:/Users/melis/Documents/github/avasquez_dgarro_digital_design_lab_2025/ProyectoFinal/videoGen_pong.sv Line: 110
Warning (10762): Verilog HDL Case Statement warning at videoGen_pong.sv(118): can't check case statement for completeness because the case expression has too many possible states File: C:/Users/melis/Documents/github/avasquez_dgarro_digital_design_lab_2025/ProyectoFinal/videoGen_pong.sv Line: 118
Warning (10762): Verilog HDL Case Statement warning at videoGen_pong.sv(126): can't check case statement for completeness because the case expression has too many possible states File: C:/Users/melis/Documents/github/avasquez_dgarro_digital_design_lab_2025/ProyectoFinal/videoGen_pong.sv Line: 126
Info (12128): Elaborating entity "seven_segment_display" for hierarchy "seven_segment_display:disp_p1_units" File: C:/Users/melis/Documents/github/avasquez_dgarro_digital_design_lab_2025/ProyectoFinal/top.sv Line: 202
Warning (276020): Inferred RAM node "ram:dmem|mem_rtl_0" from synchronous design logic.  Pass-through logic has been added to match the read-during-write behavior of the original design.
Warning (127007): Memory Initialization File or Hexadecimal (Intel-Format) File "C:/Users/melis/Documents/github/avasquez_dgarro_digital_design_lab_2025/ProyectoFinal/db/ProyectoFinal.ram0_rom_i_7563c55.hdl.mif" contains "don't care" values -- overwriting them with 0s
Info (19000): Inferred 1 megafunctions from design logic
    Info (276029): Inferred altsyncram megafunction from the following design logic: "ram:dmem|mem_rtl_0" 
        Info (286033): Parameter OPERATION_MODE set to DUAL_PORT
        Info (286033): Parameter WIDTH_A set to 10
        Info (286033): Parameter WIDTHAD_A set to 3
        Info (286033): Parameter NUMWORDS_A set to 8
        Info (286033): Parameter WIDTH_B set to 10
        Info (286033): Parameter WIDTHAD_B set to 3
        Info (286033): Parameter NUMWORDS_B set to 8
        Info (286033): Parameter ADDRESS_ACLR_A set to NONE
        Info (286033): Parameter OUTDATA_REG_B set to UNREGISTERED
        Info (286033): Parameter ADDRESS_ACLR_B set to NONE
        Info (286033): Parameter OUTDATA_ACLR_B set to NONE
        Info (286033): Parameter ADDRESS_REG_B set to CLOCK0
        Info (286033): Parameter INDATA_ACLR_A set to NONE
        Info (286033): Parameter WRCONTROL_ACLR_A set to NONE
        Info (286033): Parameter READ_DURING_WRITE_MODE_MIXED_PORTS set to OLD_DATA
Info (278001): Inferred 8 megafunctions from design logic
    Info (278004): Inferred divider/modulo megafunction ("lpm_divide") from the following logic: "videoGen_pong:u_video|Div0" File: C:/Users/melis/Documents/github/avasquez_dgarro_digital_design_lab_2025/ProyectoFinal/videoGen_pong.sv Line: 214
    Info (278004): Inferred divider/modulo megafunction ("lpm_divide") from the following logic: "videoGen_pong:u_video|Div2" File: C:/Users/melis/Documents/github/avasquez_dgarro_digital_design_lab_2025/ProyectoFinal/videoGen_pong.sv Line: 145
    Info (278004): Inferred divider/modulo megafunction ("lpm_divide") from the following logic: "videoGen_pong:u_video|Div1" File: C:/Users/melis/Documents/github/avasquez_dgarro_digital_design_lab_2025/ProyectoFinal/videoGen_pong.sv Line: 144
    Info (278004): Inferred divider/modulo megafunction ("lpm_divide") from the following logic: "videoGen_pong:u_video|Mod0" File: C:/Users/melis/Documents/github/avasquez_dgarro_digital_design_lab_2025/ProyectoFinal/videoGen_pong.sv Line: 55
    Info (278004): Inferred divider/modulo megafunction ("lpm_divide") from the following logic: "Mod0" File: C:/Users/melis/Documents/github/avasquez_dgarro_digital_design_lab_2025/ProyectoFinal/top.sv Line: 187
    Info (278004): Inferred divider/modulo megafunction ("lpm_divide") from the following logic: "Div0" File: C:/Users/melis/Documents/github/avasquez_dgarro_digital_design_lab_2025/ProyectoFinal/top.sv Line: 186
    Info (278004): Inferred divider/modulo megafunction ("lpm_divide") from the following logic: "Mod1" File: C:/Users/melis/Documents/github/avasquez_dgarro_digital_design_lab_2025/ProyectoFinal/top.sv Line: 196
    Info (278004): Inferred divider/modulo megafunction ("lpm_divide") from the following logic: "Div1" File: C:/Users/melis/Documents/github/avasquez_dgarro_digital_design_lab_2025/ProyectoFinal/top.sv Line: 195
Info (12130): Elaborated megafunction instantiation "ram:dmem|altsyncram:mem_rtl_0"
Info (12133): Instantiated megafunction "ram:dmem|altsyncram:mem_rtl_0" with the following parameter:
    Info (12134): Parameter "OPERATION_MODE" = "DUAL_PORT"
    Info (12134): Parameter "WIDTH_A" = "10"
    Info (12134): Parameter "WIDTHAD_A" = "3"
    Info (12134): Parameter "NUMWORDS_A" = "8"
    Info (12134): Parameter "WIDTH_B" = "10"
    Info (12134): Parameter "WIDTHAD_B" = "3"
    Info (12134): Parameter "NUMWORDS_B" = "8"
    Info (12134): Parameter "ADDRESS_ACLR_A" = "NONE"
    Info (12134): Parameter "OUTDATA_REG_B" = "UNREGISTERED"
    Info (12134): Parameter "ADDRESS_ACLR_B" = "NONE"
    Info (12134): Parameter "OUTDATA_ACLR_B" = "NONE"
    Info (12134): Parameter "ADDRESS_REG_B" = "CLOCK0"
    Info (12134): Parameter "INDATA_ACLR_A" = "NONE"
    Info (12134): Parameter "WRCONTROL_ACLR_A" = "NONE"
    Info (12134): Parameter "READ_DURING_WRITE_MODE_MIXED_PORTS" = "OLD_DATA"
Info (12021): Found 1 design units, including 1 entities, in source file db/altsyncram_ovm1.tdf
    Info (12023): Found entity 1: altsyncram_ovm1 File: C:/Users/melis/Documents/github/avasquez_dgarro_digital_design_lab_2025/ProyectoFinal/db/altsyncram_ovm1.tdf Line: 28
Info (12130): Elaborated megafunction instantiation "videoGen_pong:u_video|lpm_divide:Div0" File: C:/Users/melis/Documents/github/avasquez_dgarro_digital_design_lab_2025/ProyectoFinal/videoGen_pong.sv Line: 214
Info (12133): Instantiated megafunction "videoGen_pong:u_video|lpm_divide:Div0" with the following parameter: File: C:/Users/melis/Documents/github/avasquez_dgarro_digital_design_lab_2025/ProyectoFinal/videoGen_pong.sv Line: 214
    Info (12134): Parameter "LPM_WIDTHN" = "32"
    Info (12134): Parameter "LPM_WIDTHD" = "6"
    Info (12134): Parameter "LPM_NREPRESENTATION" = "SIGNED"
    Info (12134): Parameter "LPM_DREPRESENTATION" = "SIGNED"
    Info (12134): Parameter "LPM_HINT" = "LPM_REMAINDERPOSITIVE=FALSE"
Info (12021): Found 1 design units, including 1 entities, in source file db/lpm_divide_cpo.tdf
    Info (12023): Found entity 1: lpm_divide_cpo File: C:/Users/melis/Documents/github/avasquez_dgarro_digital_design_lab_2025/ProyectoFinal/db/lpm_divide_cpo.tdf Line: 25
Info (12021): Found 1 design units, including 1 entities, in source file db/abs_divider_lbg.tdf
    Info (12023): Found entity 1: abs_divider_lbg File: C:/Users/melis/Documents/github/avasquez_dgarro_digital_design_lab_2025/ProyectoFinal/db/abs_divider_lbg.tdf Line: 29
Info (12021): Found 1 design units, including 1 entities, in source file db/alt_u_div_qve.tdf
    Info (12023): Found entity 1: alt_u_div_qve File: C:/Users/melis/Documents/github/avasquez_dgarro_digital_design_lab_2025/ProyectoFinal/db/alt_u_div_qve.tdf Line: 23
Info (12021): Found 1 design units, including 1 entities, in source file db/lpm_abs_ln9.tdf
    Info (12023): Found entity 1: lpm_abs_ln9 File: C:/Users/melis/Documents/github/avasquez_dgarro_digital_design_lab_2025/ProyectoFinal/db/lpm_abs_ln9.tdf Line: 23
Info (12021): Found 1 design units, including 1 entities, in source file db/lpm_abs_4p9.tdf
    Info (12023): Found entity 1: lpm_abs_4p9 File: C:/Users/melis/Documents/github/avasquez_dgarro_digital_design_lab_2025/ProyectoFinal/db/lpm_abs_4p9.tdf Line: 23
Info (12130): Elaborated megafunction instantiation "videoGen_pong:u_video|lpm_divide:Div2" File: C:/Users/melis/Documents/github/avasquez_dgarro_digital_design_lab_2025/ProyectoFinal/videoGen_pong.sv Line: 145
Info (12133): Instantiated megafunction "videoGen_pong:u_video|lpm_divide:Div2" with the following parameter: File: C:/Users/melis/Documents/github/avasquez_dgarro_digital_design_lab_2025/ProyectoFinal/videoGen_pong.sv Line: 145
    Info (12134): Parameter "LPM_WIDTHN" = "32"
    Info (12134): Parameter "LPM_WIDTHD" = "4"
    Info (12134): Parameter "LPM_NREPRESENTATION" = "SIGNED"
    Info (12134): Parameter "LPM_DREPRESENTATION" = "SIGNED"
    Info (12134): Parameter "LPM_HINT" = "LPM_REMAINDERPOSITIVE=FALSE"
Info (12021): Found 1 design units, including 1 entities, in source file db/lpm_divide_apo.tdf
    Info (12023): Found entity 1: lpm_divide_apo File: C:/Users/melis/Documents/github/avasquez_dgarro_digital_design_lab_2025/ProyectoFinal/db/lpm_divide_apo.tdf Line: 25
Info (12021): Found 1 design units, including 1 entities, in source file db/abs_divider_jbg.tdf
    Info (12023): Found entity 1: abs_divider_jbg File: C:/Users/melis/Documents/github/avasquez_dgarro_digital_design_lab_2025/ProyectoFinal/db/abs_divider_jbg.tdf Line: 29
Info (12021): Found 1 design units, including 1 entities, in source file db/alt_u_div_mve.tdf
    Info (12023): Found entity 1: alt_u_div_mve File: C:/Users/melis/Documents/github/avasquez_dgarro_digital_design_lab_2025/ProyectoFinal/db/alt_u_div_mve.tdf Line: 23
Info (12021): Found 1 design units, including 1 entities, in source file db/lpm_abs_jn9.tdf
    Info (12023): Found entity 1: lpm_abs_jn9 File: C:/Users/melis/Documents/github/avasquez_dgarro_digital_design_lab_2025/ProyectoFinal/db/lpm_abs_jn9.tdf Line: 23
Info (12130): Elaborated megafunction instantiation "videoGen_pong:u_video|lpm_divide:Div1" File: C:/Users/melis/Documents/github/avasquez_dgarro_digital_design_lab_2025/ProyectoFinal/videoGen_pong.sv Line: 144
Info (12133): Instantiated megafunction "videoGen_pong:u_video|lpm_divide:Div1" with the following parameter: File: C:/Users/melis/Documents/github/avasquez_dgarro_digital_design_lab_2025/ProyectoFinal/videoGen_pong.sv Line: 144
    Info (12134): Parameter "LPM_WIDTHN" = "32"
    Info (12134): Parameter "LPM_WIDTHD" = "4"
    Info (12134): Parameter "LPM_NREPRESENTATION" = "SIGNED"
    Info (12134): Parameter "LPM_DREPRESENTATION" = "SIGNED"
    Info (12134): Parameter "LPM_HINT" = "LPM_REMAINDERPOSITIVE=FALSE"
Info (12130): Elaborated megafunction instantiation "videoGen_pong:u_video|lpm_divide:Mod0" File: C:/Users/melis/Documents/github/avasquez_dgarro_digital_design_lab_2025/ProyectoFinal/videoGen_pong.sv Line: 55
Info (12133): Instantiated megafunction "videoGen_pong:u_video|lpm_divide:Mod0" with the following parameter: File: C:/Users/melis/Documents/github/avasquez_dgarro_digital_design_lab_2025/ProyectoFinal/videoGen_pong.sv Line: 55
    Info (12134): Parameter "LPM_WIDTHN" = "10"
    Info (12134): Parameter "LPM_WIDTHD" = "5"
    Info (12134): Parameter "LPM_NREPRESENTATION" = "UNSIGNED"
    Info (12134): Parameter "LPM_DREPRESENTATION" = "UNSIGNED"
Info (12021): Found 1 design units, including 1 entities, in source file db/lpm_divide_i3m.tdf
    Info (12023): Found entity 1: lpm_divide_i3m File: C:/Users/melis/Documents/github/avasquez_dgarro_digital_design_lab_2025/ProyectoFinal/db/lpm_divide_i3m.tdf Line: 25
Info (12021): Found 1 design units, including 1 entities, in source file db/sign_div_unsign_llh.tdf
    Info (12023): Found entity 1: sign_div_unsign_llh File: C:/Users/melis/Documents/github/avasquez_dgarro_digital_design_lab_2025/ProyectoFinal/db/sign_div_unsign_llh.tdf Line: 25
Info (12021): Found 1 design units, including 1 entities, in source file db/alt_u_div_gve.tdf
    Info (12023): Found entity 1: alt_u_div_gve File: C:/Users/melis/Documents/github/avasquez_dgarro_digital_design_lab_2025/ProyectoFinal/db/alt_u_div_gve.tdf Line: 23
Info (12130): Elaborated megafunction instantiation "lpm_divide:Mod0" File: C:/Users/melis/Documents/github/avasquez_dgarro_digital_design_lab_2025/ProyectoFinal/top.sv Line: 187
Info (12133): Instantiated megafunction "lpm_divide:Mod0" with the following parameter: File: C:/Users/melis/Documents/github/avasquez_dgarro_digital_design_lab_2025/ProyectoFinal/top.sv Line: 187
    Info (12134): Parameter "LPM_WIDTHN" = "7"
    Info (12134): Parameter "LPM_WIDTHD" = "4"
    Info (12134): Parameter "LPM_NREPRESENTATION" = "UNSIGNED"
    Info (12134): Parameter "LPM_DREPRESENTATION" = "UNSIGNED"
Info (12021): Found 1 design units, including 1 entities, in source file db/lpm_divide_72m.tdf
    Info (12023): Found entity 1: lpm_divide_72m File: C:/Users/melis/Documents/github/avasquez_dgarro_digital_design_lab_2025/ProyectoFinal/db/lpm_divide_72m.tdf Line: 25
Info (12021): Found 1 design units, including 1 entities, in source file db/sign_div_unsign_akh.tdf
    Info (12023): Found entity 1: sign_div_unsign_akh File: C:/Users/melis/Documents/github/avasquez_dgarro_digital_design_lab_2025/ProyectoFinal/db/sign_div_unsign_akh.tdf Line: 25
Info (12021): Found 1 design units, including 1 entities, in source file db/alt_u_div_qse.tdf
    Info (12023): Found entity 1: alt_u_div_qse File: C:/Users/melis/Documents/github/avasquez_dgarro_digital_design_lab_2025/ProyectoFinal/db/alt_u_div_qse.tdf Line: 23
Info (12130): Elaborated megafunction instantiation "lpm_divide:Div0" File: C:/Users/melis/Documents/github/avasquez_dgarro_digital_design_lab_2025/ProyectoFinal/top.sv Line: 186
Info (12133): Instantiated megafunction "lpm_divide:Div0" with the following parameter: File: C:/Users/melis/Documents/github/avasquez_dgarro_digital_design_lab_2025/ProyectoFinal/top.sv Line: 186
    Info (12134): Parameter "LPM_WIDTHN" = "7"
    Info (12134): Parameter "LPM_WIDTHD" = "4"
    Info (12134): Parameter "LPM_NREPRESENTATION" = "UNSIGNED"
    Info (12134): Parameter "LPM_DREPRESENTATION" = "UNSIGNED"
Info (12021): Found 1 design units, including 1 entities, in source file db/lpm_divide_4am.tdf
    Info (12023): Found entity 1: lpm_divide_4am File: C:/Users/melis/Documents/github/avasquez_dgarro_digital_design_lab_2025/ProyectoFinal/db/lpm_divide_4am.tdf Line: 25
Info (286030): Timing-Driven Synthesis is running
Info (17049): 3 registers lost all their fanouts during netlist optimizations.
Info (16010): Generating hard_block partition "hard_block:auto_generated_inst"
    Info (16011): Adding 0 node(s), including 0 DDIO, 0 PLL, 0 transceiver and 0 LCELL
Info (21057): Implemented 3873 device resources after synthesis - the final resource count might be different
    Info (21058): Implemented 4 input pins
    Info (21059): Implemented 57 output pins
    Info (21061): Implemented 3800 logic cells
    Info (21064): Implemented 10 RAM segments
    Info (21062): Implemented 2 DSP elements
Info: Quartus Prime Analysis & Synthesis was successful. 0 errors, 24 warnings
    Info: Peak virtual memory: 4919 megabytes
    Info: Processing ended: Mon Dec 01 02:37:43 2025
    Info: Elapsed time: 00:00:14
    Info: Total CPU time (on all processors): 00:00:18


